symbol,raw_symbol,name,market,sector,industry,risk_category,risk_score,annualized_volatility,historical_var_95,parametric_var_95,sharpe_ratio,max_drawdown,last_close,last_date,predicted_direction,confidence,model_used
STX,STX,Seagate Technology,US,Information Technology,"Technology Hardware, Storage & Peripherals",High,2.0,0.5955816946357432,0.05718445888666139,0.056526342906479767,2.1268941996457054,0.4000064152403798,938.0599975585938,2026-08-18,Down,0.5273899369602482,random_forest
KAYNES.NS,KAYNES,Kaynes Technology India Ltd.,India,Capital Goods,Capital Goods,High,2.0,0.513538939461986,0.04563185224940452,0.053408606886847454,-0.1749224566703839,0.605004234635164,3644.10009765625,2026-08-18,Down,0.5198924895197932,random_forest
CEG,CEG,Constellation Energy,US,Utilities,Electric Utilities,High,2.0,0.5760763046364757,0.05009890624273127,0.05827938639133263,0.547952303464229,0.5070228481407584,278.7200012207031,2026-08-18,Down,0.5037939902607587,random_forest
CIEN,CIEN,Ciena,US,Information Technology,Communications Equipment,High,2.0,0.6433103090303443,0.06135628995478313,0.06170971865566095,1.8758940112609275,0.4730941066711523,420.760009765625,2026-08-18,Down,0.5125475713794638,random_forest
TER,TER,Teradyne,US,Information Technology,Semiconductor Materials & Equipment,High,2.0,0.6522769137085174,0.057190257934092895,0.06447947172783453,1.1389846084189599,0.5140546275795657,411.7900085449219,2026-08-18,Down,0.5180044135176958,random_forest
TSLA,TSLA,"Tesla, Inc.",US,Consumer Discretionary,Automobile Manufacturers,High,2.0,0.6029487052047965,0.053444682395550204,0.06092220125354997,0.5827108340202819,0.5376568011858521,338.8575134277344,2026-08-18,Down,0.5136624260581666,random_forest
RPOWER.NS,RPOWER,Reliance Power Ltd.,India,Power,Power,High,2.0,0.5424540876730902,0.0500665489662764,0.05639141230339304,-0.15943474671686014,0.714325781263632,22.450000762939453,2026-08-18,Down,0.5370469036924038,random_forest
TPL,TPL,Texas Pacific Land Corporation,US,Energy,Oil & Gas Exploration & Production,High,2.0,0.5033012069865473,0.05462747826874736,0.051118522325741246,0.43701843925371686,0.5222195168771492,361.0,2026-08-18,Up,0.5073862263536025,random_forest
TTD,TTD,Trade Desk (The),US,Communication Services,Advertising,High,2.0,0.6569807685501466,0.05263174955209017,0.071173838722618,-1.249996446633023,0.9040212108769982,13.614999771118164,2026-08-18,Up,0.5439573923535659,random_forest
ANET,ANET,Arista Networks,US,Information Technology,Communications Equipment,High,2.0,0.5474971609137779,0.05003359972850292,0.05452045232135595,0.9437067939169584,0.5041596124253692,196.0500030517578,2026-08-18,Up,0.5071237686886476,random_forest
NEWGEN.NS,NEWGEN,Newgen Software Technologies Ltd.,India,Information Technology,Information Technology,High,2.0,0.5623788895640381,0.04577306230129062,0.05903840262495751,-0.4147848979505525,0.7697642905361588,528.4500122070312,2026-08-18,Down,0.5112977055710609,random_forest
NRG,NRG,NRG Energy,US,Utilities,Independent Power Producers & Energy Traders,High,2.0,0.5166963235846711,0.04687326909356389,0.05217850691633983,0.5856417130888512,0.3598045961527514,121.44499969482422,2026-08-18,Up,0.5538343793799779,random_forest
PWL.NS,PWL,Physicswallah Ltd.,India,Consumer Services,Consumer Services,High,2.0,0.5326448900904729,0.04638940378520627,0.05592321483850895,-0.421726751610738,0.48750325468071987,122.0500030517578,2026-08-18,Down,0.5101817436726279,random_forest
WOCKPHARMA.NS,WOCKPHARMA,Wockhardt Ltd.,India,Healthcare,Healthcare,High,2.0,0.5298816431741457,0.04614794339710499,0.05308807858407413,0.7882362669889094,0.3991043288196005,1859.9000244140625,2026-08-18,Down,0.5132969507411764,random_forest
INTC,INTC,Intel,US,Information Technology,Semiconductors,High,2.0,0.6993527499789656,0.06102817539222587,0.06849718616730535,1.3722372180644646,0.4190435941885386,97.08999633789062,2026-08-18,Up,0.5283692061664318,random_forest
IFCI.NS,IFCI,IFCI Ltd.,India,Financial Services,Financial Services,High,2.0,0.5312744746287004,0.04587039292441527,0.0542564094145779,0.3004494393195126,0.49472057908732564,81.36000061035156,2026-08-18,Down,0.5294173448047903,random_forest
FIX,FIX,Comfort Systems USA,US,Industrials,Construction & Engineering,High,2.0,0.5674934904001039,0.058423038655578394,0.054766023876311125,1.7214677704916685,0.46048982385425,1792.9898681640625,2026-08-18,Down,0.5186820916132169,random_forest
ANANTRAJ.NS,ANANTRAJ,Anant Raj Ltd.,India,Realty,Realty,High,2.0,0.5212643515806935,0.04748440672348622,0.05339652751240199,0.22049198889415983,0.5658293351673472,627.0499877929688,2026-08-18,Down,0.5220077005414137,random_forest
LITE,LITE,Lumentum,US,Information Technology,Communications Equipment,High,2.0,0.8217084477336064,0.07731268299743325,0.07805357169425584,2.1252403315156942,0.5062761234374961,925.5800170898438,2026-08-18,Down,0.5237866894051231,random_forest
PFOCUS.NS,PFOCUS,Prime Focus Ltd.,India,Media Entertainment & Publication,Media Entertainment & Publication,High,2.0,0.557613312762023,0.04996765647863301,0.05569704482284612,0.8685602663084678,0.44341846046800115,286.25,2026-08-18,Down,0.5042102867330899,random_forest
CARTRADE.NS,CARTRADE,Cartrade Tech Ltd.,India,Consumer Services,Consumer Services,High,2.0,0.5447851563812626,0.049740265914449806,0.05355008798320944,1.2672790168944783,0.5032435665807642,2802.60009765625,2026-08-18,Down,0.5204547375374972,random_forest
ALB,ALB,Albemarle Corporation,US,Materials,Specialty Chemicals,High,2.0,0.5955897069242481,0.05892849774353436,0.06002565776946096,0.6466215124105383,0.539564561644117,130.97000122070312,2026-08-18,Up,0.5064401545951752,random_forest
LRCX,LRCX,Lam Research,US,Information Technology,Semiconductor Materials & Equipment,High,2.0,0.5629013472439249,0.05673680739030186,0.05506275439439118,1.3896557655192814,0.4176493344029593,322.80999755859375,2026-08-18,Down,0.5167579404428109,random_forest
HOOD,HOOD,Robinhood Markets,US,Financials,Investment Banking & Brokerage,High,2.0,0.7271181655895786,0.06833600455741795,0.07122998150078794,1.3697951405617608,0.5726092037736827,93.62860107421876,2026-08-18,Up,0.5381491834710939,random_forest
APP,APP,AppLovin,US,Communication Services,Advertising,High,2.0,0.8462088176062571,0.07575878290258865,0.0837009551586972,1.1379252540429698,0.585932361130455,311.67498779296875,2026-08-18,Down,0.5070514795767109,random_forest
ECHO,ECHO,EchoStar,US,Communication Services,Wireless Telecommunication Services,High,2.0,0.885930030959625,0.053685299062226355,0.08718577180313103,1.2663740455748216,0.48799231490564576,90.41000366210938,2026-08-18,Up,0.5085081003497245,random_forest
AMD,AMD,Advanced Micro Devices,US,Information Technology,Semiconductors,High,2.0,0.630737451228006,0.056995280177521604,0.06231989114550732,1.1490130426568954,0.547395846624801,479.9999084472656,2026-08-18,Down,0.5027038372395609,random_forest
KLAC,KLAC,KLA Corporation,US,Information Technology,Semiconductor Materials & Equipment,High,2.0,0.5289064146763787,0.04867491778449272,0.05244497139044871,1.0479557415459537,0.43591522703528846,198.3500061035156,2026-08-18,Up,0.5108330287979668,random_forest
AMAT,AMAT,Applied Materials,US,Information Technology,Semiconductor Materials & Equipment,High,2.0,0.5294856802024911,0.05572407063152686,0.05251296907148764,1.0430129865070863,0.40370453365615405,507.8674011230469,2026-08-18,Down,0.5101247148610848,random_forest
VRT,VRT,Vertiv,US,Industrials,Electrical Components & Equipment,High,2.0,0.6714534959936811,0.06274082687149346,0.06612444349886543,1.2348209689915384,0.6127737535613883,278.5799865722656,2026-08-18,Up,0.5052502340808901,random_forest
TARIL.NS,TARIL,Transformers And Rectifiers (India) Ltd.,India,Capital Goods,Capital Goods,High,2.0,0.5661574654497211,0.04997782704905207,0.05833482682360349,0.07541742888113108,0.629316916974211,297.5,2026-08-18,Down,0.5059575173902771,random_forest
PGEL.NS,PGEL,PG Electroplast Ltd.,India,Consumer Durables,Consumer Durables,High,2.0,0.5380898840194647,0.04758018350296707,0.054896603496134,0.3275493882170175,0.5693618952107768,597.0,2026-08-18,Down,0.5061771209955881,random_forest
FLEX,FLEX,Flex Ltd.,US,Information Technology,Electronic Manufacturing Services,High,2.0,0.5709014147701725,0.04818511930327617,0.055831303930943516,1.396837171337005,0.3999100122677784,123.18000030517578,2026-08-18,Up,0.5153299588033725,random_forest
AXON,AXON,Axon Enterprise,US,Industrials,Aerospace & Defense,High,2.0,0.5897099921511693,0.05276704856588081,0.05940837574267011,0.6565083491563174,0.6028106432163988,620.760009765625,2026-08-18,Down,0.504474567085846,random_forest
MPWR,MPWR,Monolithic Power Systems,US,Information Technology,Semiconductors,High,2.0,0.5865228103496304,0.051354880674263165,0.05930052325924108,0.5645255028471078,0.5164662431204048,1338.3699951171875,2026-08-18,Down,0.5056075635117556,random_forest
ORCL,ORCL,Oracle Corporation,US,Information Technology,Application Software,High,2.0,0.5707527815374082,0.05195226591988338,0.05837395084120878,0.2677661898294452,0.6457812963867173,145.19500732421875,2026-08-18,Up,0.5157302011267885,random_forest
MRNA,MRNA,Moderna,US,Health Care,Biotechnology,High,2.0,0.6799091914630955,0.07022742091532888,0.07023382101209019,0.02110639587066299,0.7514450773909472,63.66999816894531,2026-08-18,Up,0.5027259492949849,random_forest
MU,MU,Micron Technology,US,Information Technology,Semiconductors,High,2.0,0.7207614889434522,0.06354481692717169,0.06926540052605028,1.8384675577059482,0.4278417838813352,963.6500854492188,2026-08-18,Down,0.5138654406586426,random_forest
MCHP,MCHP,Microchip Technology,US,Information Technology,Semiconductors,High,2.0,0.5451209288725853,0.04652320094727501,0.05592973208550206,0.18251348475972318,0.5646881653823784,76.7300033569336,2026-08-18,Up,0.5335365673387322,random_forest
OLAELEC.NS,OLAELEC,Ola Electric Mobility Ltd.,India,Automobile and Auto Components,Automobile and Auto Components,High,2.0,0.6083419592860798,0.051433392502072024,0.06499484373684268,-0.8780203192194411,0.8442410269400281,38.61000061035156,2026-08-18,Down,0.5070452256883385,random_forest
MEESHO.NS,MEESHO,Meesho Ltd.,India,Consumer Services,Consumer Services,High,2.0,0.5758538073916365,0.04930064121160253,0.058296895336152274,0.5304131026187421,0.42789828890663983,192.9499969482422,2026-08-18,Down,0.5142554483306228,random_forest
GODFRYPHLP.NS,GODFRYPHLP,Godfrey Phillips India Ltd.,India,Fast Moving Consumer Goods,Fast Moving Consumer Goods,High,2.0,0.5931520567129254,0.0459229907124278,0.06032607264261577,0.4143397836383629,0.49786061714274615,2102.300048828125,2026-08-18,Down,0.5164137878171389,random_forest
XYZ,XYZ,"Block, Inc.",US,Financials,Transaction & Payment Processing Services,High,2.0,0.5098947579497184,0.04644235817681694,0.05193409379983518,0.36594551592324603,0.5296198984978916,80.75170135498047,2026-08-18,Up,0.541622179080646,random_forest
MRVL,MRVL,Marvell Technology,US,Information Technology,Semiconductors,High,2.0,0.7460555084968593,0.07211067416428225,0.0739363422263858,1.083669456550075,0.6078851629293737,219.84500122070312,2026-08-18,Up,0.5103687287823956,random_forest
VST,VST,Vistra Corp.,US,Utilities,Electric Utilities,High,2.0,0.611729861345349,0.051654269448998986,0.061428460846047944,0.7406115768111854,0.4880428379054016,144.86000061035156,2026-08-18,Up,0.5226227992425971,random_forest
PLTR,PLTR,Palantir Technologies,US,Information Technology,Application Software,High,2.0,0.666235654074988,0.058721017602921824,0.06480459108743847,1.5392201329072823,0.48223766562761367,174.91000366210938,2026-08-18,Up,0.5105728935341667,random_forest
NETWEB.NS,NETWEB,Netweb Technologies India Ltd.,India,Information Technology,Information Technology,High,2.0,0.5672018169796312,0.04728187611306628,0.05655144302316923,0.9156884867273254,0.5472781150570227,5354.5,2026-08-18,Down,0.5232721516710652,random_forest
SNDK,SNDK,Sandisk,US,Information Technology,"Technology Hardware, Storage & Peripherals",High,2.0,1.0724921275770043,0.08904919805550243,0.09864219245814872,2.8963091993298167,0.5649293299150161,1681.43505859375,2026-08-18,Down,0.5199056688381997,random_forest
HONA,HONA,Honeywell Aerospace,US,Industrials,Aerospace & Defense,High,2.0,1.1814313380940105,0.06120076758493092,0.12459953461560348,-0.49976948947558913,0.4203741650483703,163.03500366210938,2026-08-18,,,
GLW,GLW,Corning Inc.,US,Information Technology,Electronic Components,High,2.0,0.543157553887987,0.05340546691134047,0.05280454707955985,1.5387291897410367,0.5148421844135849,165.94000244140625,2026-08-18,Up,0.5134395881318347,random_forest
DELL,DELL,Dell Technologies,US,Information Technology,"Technology Hardware, Storage & Peripherals",High,2.0,0.6227559575817404,0.051533172011902426,0.060796110987617086,1.4456890149950492,0.5013044176902435,480.7000122070313,2026-08-18,Down,0.5212354126996626,random_forest
SMCI,SMCI,Supermicro,US,Information Technology,"Technology Hardware, Storage & Peripherals",High,2.0,1.026375630699634,0.08725149850000076,0.10524232270055643,0.23273837013979265,0.7112764002583657,37.64500045776367,2026-08-18,Up,0.5142327385332095,random_forest
NCLH,NCLH,Norwegian Cruise Line Holdings,US,Consumer Discretionary,"Hotels, Resorts & Cruise Lines",High,2.0,0.53316846580628,0.047860598960221074,0.05447884221030559,0.28700593714402867,0.49122806614661507,17.864999771118164,2026-08-18,Up,0.5394876830222187,random_forest
FSLR,FSLR,First Solar,US,Information Technology,Semiconductors,High,2.0,0.5913468443114982,0.05275627946025226,0.06066293186768954,0.19234334913973092,0.5293059735936736,219.7400054931641,2026-08-18,Up,0.51695778018658,random_forest
COIN,COIN,Coinbase,US,Financials,Financial Exchanges & Data,High,2.0,0.7793871879889702,0.07152272455215365,0.08023623327156872,0.11706192971097824,0.6638953815137105,147.5,2026-08-18,Up,0.522241569802852,random_forest
COHR,COHR,Coherent Corp.,US,Information Technology,Electronic Components,High,2.0,0.7704175082986314,0.07643217445220396,0.075820340871355,1.2588394824917295,0.5484734570005418,316.7449951171875,2026-08-18,Down,0.5219475192080547,random_forest
GEV,GEV,GE Vernova,US,Industrials,Heavy Electrical Equipment,High,2.0,0.5346727665289958,0.04615067295310649,0.05137416991042503,1.8229450904200535,0.3828562017543651,1033.3399658203125,2026-08-18,Down,0.5057952408134796,random_forest
CVNA,CVNA,Carvana,US,Consumer Discretionary,Automotive Retail,High,2.0,0.6675209958918416,0.06889187302723893,0.06675251571593022,0.8511615367257556,0.4302386909731668,66.81999969482422,2026-08-18,Up,0.510840581154663,random_forest
ON,ON,ON Semiconductor,US,Information Technology,Semiconductors,High,2.0,0.5987042805232493,0.05487322433783622,0.06127517878977889,0.25315871182218225,0.5897007880310902,79.43779754638672,2026-08-18,Up,0.5330795621378858,random_forest
GRSE.NS,GRSE,Garden Reach Shipbuilders & Engineers Ltd.,India,Capital Goods,Capital Goods,High,2.0,0.5406157684449092,0.04638812371049212,0.05475957059951162,0.5118927295704633,0.4311975937470084,2677.0,2026-08-18,Down,0.5170241528927007,random_forest
WDC,WDC,Western Digital,US,Information Technology,"Technology Hardware, Storage & Peripherals",High,2.0,0.6489599574570868,0.05923374719919574,0.061713844610722504,2.085277429291333,0.44975602029830475,508.0,2026-08-18,Down,0.5104718564700589,random_forest
APA,APA,APA Corporation,US,Energy,Oil & Gas Exploration & Production,High,1.67,0.49956823111743226,0.04522318808516907,0.050389417734397125,0.612956569683871,0.5118552604981181,41.689998626708984,2026-08-18,Up,0.503093738599824,random_forest
JPPOWER.NS,JPPOWER,Jaiprakash Power Ventures Ltd.,India,Power,Power,High,1.67,0.5144748519377736,0.040981575088431116,0.052873523200951525,0.13499091878651048,0.508997425254417,17.31999969482422,2026-08-18,Down,0.5426388841333136,random_forest
HPE,HPE,Hewlett Packard Enterprise,US,Information Technology,"Technology Hardware, Storage & Peripherals",High,1.67,0.49782792147715205,0.04781780549099182,0.04878067377906352,1.3381641153074904,0.4835784042056981,57.01499938964844,2026-08-18,Up,0.5110419314744837,random_forest
BSE.NS,BSE,BSE Ltd.,India,Financial Services,Financial Services,High,1.67,0.5146152314446374,0.04308394826650189,0.05016847784451333,1.4667003615736818,0.3649094508350024,3308.0,2026-08-18,Down,0.5145278743209374,random_forest
FORCEMOT.NS,FORCEMOT,Force Motors Ltd.,India,Automobile and Auto Components,Automobile and Auto Components,High,1.67,0.5195890436516577,0.04516518947660156,0.05172362664114484,0.9483673081742743,0.3368249534450652,18200.0,2026-08-18,Down,0.5276715577996329,random_forest
DATAPATTNS.NS,DATAPATTNS,Data Patterns (India) Ltd.,India,Capital Goods,Capital Goods,High,1.67,0.5152773692728413,0.04492289223330737,0.05185926469238859,0.6714777748120139,0.510082269616626,4737.2001953125,2026-08-18,Down,0.5081415799472333,random_forest
AIIL.NS,AIIL,Authum Investment & Infrastructure Ltd.,India,Financial Services,Financial Services,High,1.67,0.5007776456271777,0.042243761917586053,0.05001782518834932,0.8615286033412748,0.3931726710917078,553.25,2026-08-18,Down,0.5060535366377859,random_forest
DDOG,DDOG,Datadog,US,Information Technology,Application Software,High,1.67,0.5726482303440343,0.0424663806139695,0.0571750970700475,0.8808758037403884,0.4862057017996234,251.8300018310547,2026-08-18,Up,0.5164083340851326,random_forest
KFINTECH.NS,KFINTECH,Kfin Technologies Ltd.,India,Financial Services,Financial Services,High,1.67,0.4520186745153588,0.046522606454180944,0.04650995595307648,0.09349177084500646,0.49642006294850416,957.5999755859376,2026-08-18,Down,0.5223849507814025,random_forest
JAINREC.NS,JAINREC,Jain Resource Recycling Ltd.,India,Metals & Mining,Metals & Mining,High,1.67,0.5415861174804324,0.04317964712791343,0.055752819269407186,0.09560000378358585,0.4866141839081638,296.20001220703125,2026-08-18,Down,0.5056892367025851,random_forest
PSKY,PSKY,Paramount Skydance Corporation,US,Communication Services,Movies & Entertainment,High,1.67,0.527683140632867,0.043071776141436036,0.054253238555199264,0.12629924847831847,0.5986682763626099,10.210000038146973,2026-08-18,Up,0.5079764317983144,random_forest
HINDCOPPER.NS,HINDCOPPER,Hindustan Copper Ltd.,India,Metals & Mining,Metals & Mining,High,1.67,0.4871653822796165,0.04642161266333502,0.048873591838645064,0.7478938010394165,0.46147236975555517,566.3499755859375,2026-08-18,Down,0.5230102440715169,random_forest
TEJASNET.NS,TEJASNET,Tejas Networks Ltd.,India,Telecommunication,Telecommunication,High,1.67,0.5329420332121391,0.04489266124228752,0.05637989450684487,-0.6228728062015797,0.7892394628016967,519.2999877929688,2026-08-18,Down,0.5329159380933344,random_forest
AVGO,AVGO,Broadcom,US,Information Technology,Semiconductors,High,1.67,0.5319296738160516,0.04401078446381218,0.05288541465052323,0.9817460628896794,0.41149680271116756,379.9150085449219,2026-08-18,Up,0.5059520275545689,random_forest
GABRIEL.NS,GABRIEL,Gabriel India Ltd.,India,Automobile and Auto Components,Automobile and Auto Components,High,1.67,0.5166115170199697,0.039984124979026814,0.05085989404748197,1.224662899449102,0.3739852945568202,1467.5999755859375,2026-08-18,Down,0.511761892052446,random_forest
WBD,WBD,Warner Bros. Discovery,US,Communication Services,Broadcasting,High,1.67,0.505707413133616,0.03619273719619901,0.049307742866746614,1.4615118209595594,0.38430743009276985,27.96500015258789,2026-08-18,Down,0.5010174710114362,random_forest
VEDL.NS,VEDL,Vedanta Ltd.,India,Metals & Mining,Metals & Mining,High,1.67,0.5699249418694223,0.03233813284613809,0.05880772139161012,0.03842996780987769,0.6786666627914186,264.0,2026-08-18,Up,0.5040014588933363,random_forest
BLUEJET.NS,BLUEJET,Blue Jet Healthcare Ltd.,India,Healthcare,Healthcare,High,1.67,0.4985755849905496,0.04644640565872603,0.05064392637551189,0.433551571987399,0.6754843375973321,607.25,2026-08-18,Down,0.517585382468666,random_forest
IDEA.NS,IDEA,Vodafone Idea Ltd.,India,Telecommunication,Telecommunication,High,1.67,0.5257957447652865,0.0435797381778872,0.0541790345254256,0.06858775486909753,0.622699362992333,14.119999885559082,2026-08-18,Down,0.5193930771838919,random_forest
UAL,UAL,United Airlines Holdings,US,Industrials,Passenger Airlines,High,1.67,0.534024743176785,0.04477813993423296,0.05268893341313003,1.1730505104492848,0.49194712964731585,120.13500213623048,2026-08-18,Up,0.5480218044481038,random_forest
FICO,FICO,Fair Isaac,US,Information Technology,Application Software,High,1.67,0.4816613629547575,0.05115665564279915,0.05039093566634041,-0.33579495308295926,0.6128399794636571,1090.614990234375,2026-08-18,Down,0.5101982579779452,random_forest
GALLANTT.NS,GALLANTT,Gallantt Ispat Ltd.,India,Capital Goods,Capital Goods,High,1.67,0.5153416582427509,0.04274954395115575,0.05192430263284682,0.6428480986874756,0.4378168202651208,576.2999877929688,2026-08-18,Down,0.5249124052721158,random_forest
EMMVEE.NS,EMMVEE,Emmvee Photovoltaic Power Ltd.,India,Capital Goods,Capital Goods,High,1.67,0.5426653460147141,0.04739612218296633,0.053680000648686575,1.1099030534831467,0.2865924214930877,317.70001220703125,2026-08-18,Down,0.5207934950984019,random_forest
CEMPRO.NS,CEMPRO,Cemindia Projects Ltd.,India,Construction,Construction,High,1.67,0.5015273263366645,0.040520022672899475,0.04977516816340916,1.021198453842771,0.45318240151913464,1324.0,2026-08-18,Down,0.5064319924193297,random_forest
NOW,NOW,ServiceNow,US,Information Technology,Systems Software,High,1.67,0.4774710264980808,0.04506564977417568,0.04965929710089026,-0.18175223223484221,0.6454173439572124,121.12000274658205,2026-08-18,Up,0.5166810413670387,random_forest
ITI.NS,ITI,ITI Ltd.,India,Telecommunication,Telecommunication,High,1.67,0.5261883237337611,0.044635012647642934,0.05403706100021103,0.1560110680752423,0.5700560231784478,280.3500061035156,2026-08-18,Down,0.5277876464982546,random_forest
GNRC,GNRC,Generac,US,Industrials,Heavy Electrical Equipment,High,1.67,0.49045392842697766,0.045804463827247524,0.04969169047114309,0.4976107310165533,0.4776280157341255,215.5749969482422,2026-08-18,Up,0.5017680815184086,random_forest
FDXF,FDXF,FedEx Freight,US,Industrials,Cargo Ground Transportation,High,1.67,0.7965451217884773,0.057669585614549566,0.08242644390424964,-0.015920695457663843,0.2701369088848883,142.1199951171875,2026-08-18,,,
SCHNEIDER.NS,SCHNEIDER,Schneider Electric Infrastructure Ltd.,India,Capital Goods,Capital Goods,High,1.67,0.4663767437034896,0.04640112894473389,0.0469785424870407,0.6412910608054456,0.43897714208622224,1274.4000244140625,2026-08-18,Up,0.503327997942666,random_forest
CNC,CNC,Centene Corporation,US,Health Care,Managed Health Care,High,1.67,0.5231952525549198,0.04083498378171041,0.053960583343552,0.04436348832258557,0.6857784116957292,65.54000091552734,2026-08-18,Up,0.5150844759206467,random_forest
CRL,CRL,Charles River Laboratories,US,Health Care,Life Sciences Tools & Services,High,1.67,0.5017382485362932,0.04012606592798966,0.05078886166052285,0.5226143517484562,0.5480085237368926,287.6400146484375,2026-08-18,Down,0.5119435488812648,random_forest
ZENTEC.NS,ZENTEC,Zen Technologies Ltd.,India,Capital Goods,Capital Goods,High,1.67,0.4721422370846688,0.045618061320938375,0.048158971115692395,0.3222745230915122,0.6228172254156594,1982.4000244140625,2026-08-18,Down,0.5168331526726961,random_forest
AMBER.NS,AMBER,Amber Enterprises India Ltd.,India,Consumer Durables,Consumer Durables,High,1.67,0.48438496464581215,0.04594550014639905,0.048601886708641295,0.7436595503321052,0.3537793936550754,7350.0,2026-08-18,Down,0.5203085216925952,random_forest
FSL.NS,FSL,Firstsource Solutions Ltd.,India,Services,Services,High,1.67,0.4667879726301845,0.045157924141232035,0.048366926003955986,-0.08580279259510659,0.4808426246833582,263.8500061035156,2026-08-18,Down,0.5014205136869365,random_forest
AKAM,AKAM,Akamai Technologies,US,Information Technology,Internet Services & Infrastructure,High,1.67,0.502757580569438,0.039421762821827334,0.051265058592304694,0.33580798073448254,0.36055123038025394,119.6449966430664,2026-08-18,Up,0.5289459418889126,random_forest
ABFRL.NS,ABFRL,Aditya Birla Fashion and Retail Ltd.,India,Consumer Services,Consumer Services,High,1.67,0.5923146194192078,0.03619969077423465,0.06378886961809006,-1.0952369727337112,0.8470554889849603,54.970001220703125,2026-08-18,Down,0.5188412519816974,random_forest
Q,Q,Qnity Electronics,US,Information Technology,Semiconductor Materials & Equipment,High,1.67,0.5697247888144517,0.05928157509706108,0.05664369962568825,0.9864577571365942,0.2974834899884395,135.13499450683594,2026-08-18,Up,0.5156529620203645,random_forest
ALGN,ALGN,Align Technology,US,Health Care,Health Care Supplies,Medium,1.33,0.47360782969057585,0.03602843893931713,0.04926407276435311,-0.18592969263263912,0.5144068486487455,171.1199951171875,2026-08-18,Up,0.5223901930054761,random_forest
ZFCVINDIA.NS,ZFCVINDIA,ZF Commercial Vehicle Control Systems India Ltd.,India,Automobile and Auto Components,Automobile and Auto Components,Medium,1.33,0.32645973976259496,0.027575468958806075,0.03360030772972334,0.05204828049668291,0.4267324488530392,2672.699951171875,2026-08-18,Down,0.5359580552968527,random_forest
KPRMILL.NS,KPRMILL,K.P.R. Mill Ltd.,India,Textiles,Textiles,Medium,1.33,0.4091895869108756,0.033395327974533776,0.04151749672686034,0.4448771252583148,0.3764248573001614,1123.5,2026-08-18,Down,0.5376593675698413,random_forest
ZEEL.NS,ZEEL,Zee Entertainment Enterprises Ltd.,India,Media Entertainment & Publication,Media Entertainment & Publication,Medium,1.33,0.4488240750431975,0.04187960675920815,0.0465505336928928,-0.11447809142850662,0.5334399764492693,105.31999969482422,2026-08-18,Up,0.5059161120212321,random_forest
LODHA.NS,LODHA,Lodha Developers Ltd.,India,Realty,Realty,Medium,1.33,0.3973565899815532,0.041627494702791826,0.04097012220184249,0.027691054276694035,0.551958072583433,1211.0999755859375,2026-08-18,Up,0.5052537347347502,random_forest
ARE,ARE,Alexandria Real Estate Equities,US,Real Estate,Office REITs,Medium,1.33,0.3859148361832949,0.04070983660524672,0.04127132491758048,-0.942327756982223,0.6409770664246452,46.6150016784668,2026-08-18,Up,0.5319183387172876,random_forest
ZENSARTECH.NS,ZENSARTECH,Zensar Technolgies Ltd.,India,Information Technology,Information Technology,Medium,1.33,0.3927386980598756,0.03720810281927781,0.04126530715792316,-0.468408842059808,0.5531827888173236,484.8999938964844,2026-08-18,Down,0.5146139574689883,random_forest
LTM.NS,LTM,LTM Ltd.,India,Information Technology,Information Technology,Medium,1.33,0.31011002816097316,0.0350258465740904,0.032319607226572705,-0.2811359544314309,0.46099626318363307,4562.2001953125,2026-08-18,Down,0.5031787977596491,random_forest
WHIRLPOOL.NS,WHIRLPOOL,Whirlpool of India Ltd.,India,Consumer Durables,Consumer Durables,Medium,1.33,0.3856036652138505,0.034167990146251756,0.041657756129289396,-1.2167000214948724,0.6842062751155326,769.0,2026-08-18,Down,0.520843214376129,random_forest
KIRLOSENG.NS,KIRLOSENG,Kirloskar Oil Eng Ltd.,India,Capital Goods,Capital Goods,Medium,1.33,0.45162080291901907,0.037006826492391294,0.04535126445715179,0.7171090431217643,0.5776355687772489,2125.699951171875,2026-08-18,Down,0.5191397110610312,random_forest
KPITTECH.NS,KPITTECH,KPIT Technologies Ltd.,India,Information Technology,Information Technology,Medium,1.33,0.388093344898815,0.036765650162811234,0.04212244311546274,-1.343121408194451,0.7023029965349488,596.6500244140625,2026-08-18,Down,0.5249087319975548,random_forest
WELSPUNLIV.NS,WELSPUNLIV,Welspun Living Ltd.,India,Textiles,Textiles,Medium,1.33,0.46587320261221365,0.042644362816162844,0.047880439078786426,0.12590810556401297,0.4841262297614191,177.7899932861328,2026-08-18,Down,0.5206495518308805,random_forest
KEC.NS,KEC,Kec International Ltd.,India,Construction,Construction,Medium,1.33,0.41745457188216034,0.042021984708378965,0.04418789436786149,-0.6589749293952198,0.6482363836153547,428.6000061035156,2026-08-18,Down,0.5229006530904214,random_forest
WAAREEENER.NS,WAAREEENER,Waaree Energies Ltd.,India,Capital Goods,Capital Goods,Medium,1.33,0.4818350867789244,0.04103585684075911,0.04914470368295347,0.32552039925730475,0.4247511765673554,2709.10009765625,2026-08-18,Down,0.5274420771389309,random_forest
KALYANKJIL.NS,KALYANKJIL,Kalyan Jewellers India Ltd.,India,Consumer Durables,Consumer Durables,Medium,1.33,0.47990338869053883,0.042785394943846033,0.049089913373429994,0.25049890188210155,0.5789211942953033,601.5999755859375,2026-08-18,Down,0.5137655697849179,random_forest
KPIL.NS,KPIL,Kalpataru Projects International Ltd.,India,Construction,Construction,Medium,1.33,0.3403119467087866,0.031326503645591704,0.03473931181280746,0.2693439523542839,0.4028276566168136,1403.5,2026-08-18,Down,0.5336029255143444,random_forest
VOLTAS.NS,VOLTAS,Voltas Ltd.,India,Consumer Durables,Consumer Durables,Medium,1.33,0.3237537469356255,0.031131582830792443,0.03381826698924775,-0.33541202053879277,0.3761144562048599,1252.9000244140625,2026-08-18,Down,0.5200301180052089,random_forest
APO,APO,Apollo Global Management,US,Financials,Asset Management & Custody Banks,Medium,1.33,0.3995096474303176,0.03988691313874082,0.04068325114965108,0.3492124225041654,0.42821264823812405,132.63499450683594,2026-08-18,Up,0.5253923187168494,random_forest
ADBE,ADBE,Adobe Inc.,US,Information Technology,Application Software,Medium,1.33,0.36548807264431094,0.03707966944696361,0.03911896387821525,-0.9702955290930718,0.6702582768949332,263.8999938964844,2026-08-18,Down,0.5026256863801378,random_forest
APTV,APTV,Aptiv,US,Consumer Discretionary,Automotive Parts & Equipment,Medium,1.33,0.4137087492175984,0.03773330324901506,0.043218028753506624,-0.31059058804492373,0.47783917679975674,50.099998474121094,2026-08-18,Up,0.5072431922336577,random_forest
AES,AES,AES Corporation,US,Utilities,Independent Power Producers & Energy Traders,Medium,1.33,0.4242115061547,0.03735403365549329,0.04371315506672216,0.04944267526687317,0.5029138526301847,14.770000457763672,2026-08-18,Down,0.5013778827246524,random_forest
JKTYRE.NS,JKTYRE,JK Tyre & Industries Ltd.,India,Automobile and Auto Components,Automobile and Auto Components,Medium,1.33,0.35902706018068764,0.036636557993102545,0.037018054468933075,0.016969944668994732,0.4287002724230168,383.1499938964844,2026-08-18,Down,0.5192184706200396,random_forest
ACN,ACN,Accenture,US,Information Technology,IT Consulting & Other Services,Medium,1.33,0.36518459887130006,0.03642224488909452,0.03878629999981318,-0.7632419970803326,0.6817366937220358,172.67999267578125,2026-08-18,Up,0.5133948201622142,random_forest
LATENTVIEW.NS,LATENTVIEW,Latent View Analytics Ltd.,India,Information Technology,Information Technology,Medium,1.33,0.4055404835651063,0.03950471670113698,0.04282963696763388,-0.6014266969874948,0.5165133053684927,281.6000061035156,2026-08-18,Up,0.5034884304342936,random_forest
URBANCO.NS,URBANCO,Urban Company Ltd.,India,Consumer Services,Consumer Services,Medium,1.33,0.4451093314772841,0.03887184498217718,0.04634731074439693,-0.218294475602613,0.4482407693639659,144.97000122070312,2026-08-18,Down,0.5159213314832003,random_forest
JYOTICNC.NS,JYOTICNC,Jyoti CNC Automation Ltd.,India,Capital Goods,Capital Goods,Medium,1.33,0.4653403732349032,0.042081867265121385,0.04816170053590704,-0.05615999181253187,0.5922418065011728,929.2000122070312,2026-08-18,Down,0.5123152757953641,random_forest
BBY,BBY,Best Buy,US,Consumer Discretionary,Computer & Electronics Retail,Medium,1.33,0.40647071180690797,0.03222450537952358,0.04153810494995258,0.2604187865050152,0.4434229996790598,87.12999725341797,2026-08-18,Up,0.5067541040578619,random_forest
BIIB,BIIB,Biogen,US,Health Care,Biotechnology,Medium,1.33,0.32431156499305136,0.029255430233957002,0.03333940971677066,0.08216313978300041,0.4500921462747921,212.02000427246097,2026-08-18,Up,0.5020335410564308,random_forest
BX,BX,Blackstone Inc.,US,Financials,Asset Management & Custody Banks,Medium,1.33,0.37457703147593285,0.038929075069080644,0.038329718121503355,0.2177989656052557,0.46497159410688466,139.55999755859375,2026-08-18,Up,0.519516025934533,random_forest
MMTC.NS,MMTC,MMTC Ltd.,India,Services,Services,Medium,1.33,0.4561120478743286,0.04079277890150577,0.04785225373618544,-0.4146260862248524,0.5359915748319054,63.540000915527344,2026-08-18,Down,0.5016161409334317,random_forest
JSWINFRA.NS,JSWINFRA,JSW Infrastructure Ltd.,India,Services,Services,Medium,1.33,0.34575506150913,0.031028089649994556,0.035487099204309404,0.13114783864246524,0.3620640855192863,328.6499938964844,2026-08-18,Down,0.5141726828920463,random_forest
BSX,BSX,Boston Scientific,US,Health Care,Health Care Equipment,Medium,1.33,0.30389947659847755,0.025164702142879556,0.032132983924261865,-0.6657438921472307,0.605788780204155,51.90999984741211,2026-08-18,Down,0.5025678491556635,random_forest
JSWENERGY.NS,JSWENERGY,JSW Energy Ltd.,India,Power,Power,Medium,1.33,0.3452273698969635,0.031291663557688094,0.035918920832975654,-0.2237734068785047,0.45521114101835003,548.0999755859375,2026-08-18,Down,0.526100002246457,random_forest
JSWDULUX.NS,JSWDULUX,JSW Dulux Ltd.,India,Consumer Durables,Consumer Durables,Medium,1.33,0.3437811670510716,0.02816431739779744,0.03530015018921259,0.11901566805066272,0.355299348777347,3110.39990234375,2026-08-18,Down,0.5309710564861863,random_forest
BF-B,BF.B,Brown–Forman,US,Consumer Staples,Distillers & Vintners,Medium,1.33,0.38458499841412763,0.03357101060947367,0.04041985667636752,-0.4779489099623937,0.5189176531988617,27.5,2026-08-18,Up,0.5347269067455721,random_forest
BLDR,BLDR,Builders FirstSource,US,Industrials,Building Products,Medium,1.33,0.47354320183220794,0.0449747774880025,0.05034229737747361,-0.7633049591886584,0.6729425678176166,69.33999633789062,2026-08-18,Up,0.5314805518776542,random_forest
JMFINANCIL.NS,JMFINANCIL,JM Financial Ltd.,India,Financial Services,Financial Services,Medium,1.33,0.46479802601996895,0.0440892310775056,0.04703642131742579,0.5234004419060494,0.4809829371473943,125.4000015258789,2026-08-18,Down,0.5138279890190363,random_forest
TTML.NS,TTML,Tata Teleservices (Maharashtra) Ltd.,India,Telecommunication,Telecommunication,Medium,1.33,0.45797205903407456,0.041082232670661474,0.04885843801327597,-0.8605485468497029,0.6881773818682284,37.849998474121094,2026-08-18,Down,0.5370633630131179,random_forest
TECH,TECH,Bio-Techne,US,Health Care,Life Sciences Tools & Services,Medium,1.33,0.4484815663295488,0.040953829664776446,0.046121194121919715,0.10673732016336332,0.4568133633379234,72.46499633789062,2026-08-18,Down,0.5045530900344137,random_forest
JBMA.NS,JBMA,JBM Auto Ltd.,India,Automobile and Auto Components,Automobile and Auto Components,Medium,1.33,0.4615517362068074,0.03997318683392053,0.04830795311679764,-0.35080613270134176,0.5242469543752176,619.8499755859375,2026-08-18,Down,0.5221262505940266,random_forest
ARES,ARES,Ares Management,US,Financials,Asset Management & Custody Banks,Medium,1.33,0.42212646356061384,0.04074172370624593,0.04333686967415399,0.14534748362337274,0.49971750522449304,139.00999450683594,2026-08-18,Up,0.526318537097006,random_forest
KEI.NS,KEI,KEI Industries Ltd.,India,Capital Goods,Capital Goods,Medium,1.33,0.38706508860623684,0.030895699117458476,0.03923197960825872,0.46579058789340755,0.4665295692273833,5790.0,2026-08-18,Down,0.5369179598165219,random_forest
LEMONTREE.NS,LEMONTREE,Lemon Tree Hotels Ltd.,India,Consumer Services,Consumer Services,Medium,1.33,0.3368580216959975,0.033339215491378464,0.03488182244928815,-0.10223294302543144,0.4356207367920952,109.0199966430664,2026-08-18,Down,0.5162628607581863,random_forest
LTTS.NS,LTTS,L&T Technology Services Ltd.,India,Information Technology,Information Technology,Medium,1.33,0.3337463814702015,0.03279377054991208,0.035126251038094684,-0.5311901240490755,0.4619231646402883,3509.89990234375,2026-08-18,Down,0.5219608257797432,random_forest
IRCON.NS,IRCON,IRCON International Ltd.,India,Construction,Construction,Medium,1.33,0.4388664561024564,0.04310307680148703,0.04660382909701321,-0.7401266538672214,0.5601850568516936,123.62000274658205,2026-08-18,Down,0.5225901929815757,random_forest
JKCEMENT.NS,JKCEMENT,J.K. Cement Ltd.,India,Construction Materials,Construction Materials,Medium,1.33,0.30310207348571094,0.0298665562196509,0.030770852007963142,0.3962917034260069,0.3764424885282856,5375.5,2026-08-18,Down,0.5202683599549304,random_forest
MGL.NS,MGL,Mahanagar Gas Ltd.,India,Oil Gas & Consumable Fuels,Oil Gas & Consumable Fuels,Medium,1.33,0.3393730742203798,0.035121505137518425,0.03584819201035231,-0.6255415875607288,0.5223185741557643,1111.4000244140625,2026-08-18,Down,0.5332018925524682,random_forest
TEGA.NS,TEGA,Tega Industries Ltd.,India,Capital Goods,Capital Goods,Medium,1.33,0.36493868047105155,0.03400628255854405,0.03748454289404285,0.11754668820368613,0.42199971489766447,1733.9000244140625,2026-08-18,Down,0.5343463357478841,random_forest
IKS.NS,IKS,Inventurus Knowledge Solutions Ltd.,India,Information Technology,Information Technology,Medium,1.33,0.40382536945473113,0.03697434211295827,0.04164610865556226,0.02367979458625038,0.40583490076616946,1861.5999755859375,2026-08-18,Down,0.5087859199276823,random_forest
STZ,STZ,Constellation Brands,US,Consumer Staples,Distillers & Vintners,Medium,1.33,0.3052152785509765,0.027596426144166106,0.03258816754436938,-0.9261275221406924,0.4913155026565813,130.0399932861328,2026-08-18,Up,0.5136527112854776,random_forest
IEX.NS,IEX,Indian Energy Exchange Ltd.,India,Financial Services,Financial Services,Medium,1.33,0.39499920716549963,0.03339526692151366,0.04142271556745113,-0.416721084667119,0.5069202889308212,124.4000015258789,2026-08-18,Down,0.5178081264432204,random_forest
CCL,CCL,Carnival Corporation,US,Consumer Discretionary,"Hotels, Resorts & Cruise Lines",Medium,1.33,0.47623063581741604,0.0410216868166634,0.04773323882325932,0.7689491025748831,0.42330635439915937,27.475000381469727,2026-08-18,Up,0.5118857335390095,random_forest
CARR,CARR,Carrier Global,US,Industrials,Building Products,Medium,1.33,0.3488734668778657,0.03173484042913854,0.036055906695714346,-0.04749292695484722,0.3810082990708387,62.0,2026-08-18,Up,0.5058210373591493,random_forest
IGIL.NS,IGIL,International Gemological Institute Ltd.,India,Services,Services,Medium,1.33,0.42129747938511425,0.044887653277578855,0.04438267683004138,-0.5312972454737254,0.5245235360522537,349.70001220703125,2026-08-18,Down,0.516924688201126,random_forest
INDIGO.NS,INDIGO,InterGlobe Aviation Ltd.,India,Services,Services,Medium,1.33,0.315025400571764,0.03206228818832591,0.0320202550065833,0.3701293871294585,0.3593534237673625,5220.0,2026-08-18,Down,0.5214191250288176,random_forest
INTELLECT.NS,INTELLECT,Intellect Design Arena Ltd.,India,Information Technology,Information Technology,Medium,1.33,0.4505281170725234,0.04132391650842789,0.04696173883708738,-0.24528894449431157,0.5096760557223048,695.9500122070312,2026-08-18,Down,0.5212217624420065,random_forest
INOXWIND.NS,INOXWIND,Inox Wind Ltd.,India,Capital Goods,Capital Goods,Medium,1.33,0.44023448151809264,0.04392744310141314,0.04733076679589821,-1.0728015162942488,0.7110167450723902,74.94999694824219,2026-08-18,Up,0.5186788678059344,random_forest
CDW,CDW,CDW Corporation,US,Information Technology,Technology Distributors,Medium,1.33,0.38568532495480506,0.03454883935215911,0.04055738964628782,-0.4919538922445838,0.5566666739763307,135.74000549316406,2026-08-18,Up,0.5290053080895849,random_forest
NAUKRI.NS,NAUKRI,Info Edge (India) Ltd.,India,Consumer Services,Consumer Services,Medium,1.33,0.321082115631861,0.03054350221350461,0.03321950283185799,-0.08552934124214767,0.4837286680833441,1354.9000244140625,2026-08-18,Down,0.5275387983861484,random_forest
INDUSINDBK.NS,INDUSINDBK,IndusInd Bank Ltd.,India,Financial Services,Financial Services,Medium,1.33,0.370338442035101,0.030000952672749576,0.03864455562145764,-0.2927900040517478,0.570937858193457,1015.0,2026-08-18,Down,0.5209615697046976,random_forest
UCOBANK.NS,UCOBANK,UCO Bank,India,Financial Services,Financial Services,Medium,1.33,0.3445673809564058,0.03188409135749866,0.036805005451714806,-0.9222554920563264,0.5668070461867929,25.899999618530273,2026-08-18,Down,0.5551443540174779,random_forest
CHTR,CHTR,Charter Communications,US,Communication Services,Cable & Satellite,Medium,1.33,0.45374870470283507,0.04147419999185589,0.0483366021360771,-0.8217799220144265,0.7113867816065682,148.4600067138672,2026-08-18,Up,0.5260826198883379,random_forest
THERMAX.NS,THERMAX,Thermax Ltd.,India,Capital Goods,Capital Goods,Medium,1.33,0.38152342579111026,0.03408010319233111,0.039340590213729196,0.02154967186420925,0.4872187996341237,4079.89990234375,2026-08-18,Down,0.5267310474667299,random_forest
TRITURBINE.NS,TRITURBINE,Triveni Turbine Ltd.,India,Capital Goods,Capital Goods,Medium,1.33,0.44417750734939704,0.04162175398961629,0.04622355858226624,-0.20332062498695216,0.47245316289405004,581.9000244140625,2026-08-18,Down,0.5124847525243003,random_forest
TRIDENT.NS,TRIDENT,Trident Ltd.,India,Textiles,Textiles,Medium,1.33,0.3285562414098187,0.02968247418630301,0.03460094203639525,-0.5491477345621627,0.4110430414076239,24.469999313354492,2026-08-18,Down,0.5040252009441255,random_forest
JINDALSAW.NS,JINDALSAW,Jindal Saw Ltd.,India,Capital Goods,Capital Goods,Medium,1.33,0.4569289957731455,0.04215842461626478,0.04727463705133867,-0.04863999605535348,0.5825420369286436,268.6499938964844,2026-08-18,Down,0.5028896875234301,random_forest
DOW,DOW,Dow Inc.,US,Materials,Commodity Chemicals,Medium,1.33,0.442976451919888,0.038983936344467396,0.04633138762391594,-0.33600976989481246,0.6000359267801451,31.473499298095703,2026-08-18,Up,0.5000821334817621,random_forest
DASH,DASH,DoorDash,US,Consumer Discretionary,Specialized Consumer Services,Medium,1.33,0.42772880682319825,0.043668297816298635,0.042897429195296044,0.7443458440098816,0.47966206010882084,219.4550018310547,2026-08-18,Down,0.5048023810969323,random_forest
UTIAMC.NS,UTIAMC,UTI Asset Management Company Ltd.,India,Financial Services,Financial Services,Medium,1.33,0.3512800363313318,0.033920439025690426,0.036345437051285186,-0.07598540172418637,0.3647427820174567,894.5999755859375,2026-08-18,Down,0.5288760547053653,random_forest
IDBI.NS,IDBI,IDBI Bank Ltd.,India,Financial Services,Financial Services,Medium,1.33,0.440160180021728,0.03848540007033985,0.045541933653768074,-0.05324964157440603,0.46987329654747717,81.11000061035156,2026-08-18,Down,0.5308667461029013,random_forest
INDIACEM.NS,INDIACEM,India Cements Ltd.,India,Construction Materials,Construction Materials,Medium,1.33,0.3404940104146918,0.02877975159262976,0.03500232974332167,0.08850186729816084,0.35168882643572186,374.5,2026-08-18,Down,0.516237279820402,random_forest
INDGN.NS,INDGN,Indegene Ltd.,India,Healthcare,Healthcare,Medium,1.33,0.34996800538009687,0.032834550401935864,0.0359930044232958,0.07961330658027685,0.42006406224763193,567.7000122070312,2026-08-18,Down,0.5285482046821672,random_forest
CSGP,CSGP,CoStar Group,US,Real Estate,Real Estate Services,Medium,1.33,0.3817680127265833,0.041721594742435544,0.04096462136932258,-1.0337368894098502,0.7197149759740655,32.040000915527344,2026-08-18,Up,0.5033979473138099,random_forest
NIACL.NS,NIACL,The New India Assurance Company Ltd.,India,Financial Services,Financial Services,Medium,1.33,0.42944930463893316,0.03720906968609789,0.044721474278597836,-0.22437308822492716,0.5617288066066409,184.0800018310547,2026-08-18,Down,0.5196577679733667,random_forest
CRWD,CRWD,CrowdStrike,US,Information Technology,Systems Software,Medium,1.33,0.4738886211448732,0.041073621848922805,0.046335132100797254,1.38717638122423,0.3717827173511797,212.6699981689453,2026-08-18,Up,0.5062694143504668,random_forest
ITCHOTELS.NS,ITCHOTELS,ITC Hotels Ltd.,India,Consumer Services,Consumer Services,Medium,1.33,0.33745311484995216,0.030396302069653235,0.03484048678058726,-0.02513764666405887,0.4588027549557334,164.42999267578125,2026-08-18,Down,0.5119484928690167,random_forest
IRB.NS,IRB,IRB Infrastructure Developers Ltd.,India,Construction,Construction,Medium,1.33,0.3166394803288111,0.03278665375930231,0.03364749079689766,-0.7937027737947816,0.4182688585075518,19.030000686645508,2026-08-18,Down,0.5285748649283567,random_forest
IIFL.NS,IIFL,IIFL Finance Ltd.,India,Financial Services,Financial Services,Medium,1.33,0.40156911325564637,0.03611230245699902,0.040641555880455225,0.5074995639097314,0.46525878758782313,622.3499755859375,2026-08-18,Down,0.5289990034116518,random_forest
DHR,DHR,Danaher Corporation,US,Health Care,Life Sciences Tools & Services,Medium,1.33,0.3074164361428776,0.029305808981746805,0.03223475938497246,-0.44283401685883805,0.4120378215978541,201.6000061035156,2026-08-18,Up,0.5042231374350006,random_forest
ETERNAL.NS,ETERNAL,Eternal Ltd.,India,Consumer Services,Consumer Services,Medium,1.33,0.3759703485585921,0.035193167554027405,0.03830421992758617,0.330848628473547,0.39133628062426207,315.8999938964844,2026-08-18,Down,0.5213635714419969,random_forest
COO,COO,Cooper Companies (The),US,Health Care,Health Care Supplies,Medium,1.33,0.32102733161276337,0.026014003682122474,0.033501630222413856,-0.3114642062531586,0.46974739043231567,76.27999877929688,2026-08-18,Down,0.5004620045141204,random_forest
DECK,DECK,Deckers Brands,US,Consumer Discretionary,Footwear,Medium,1.33,0.49088417559972164,0.04008803699762031,0.05151076177738096,-0.413776922205257,0.6434942373809623,91.12000274658205,2026-08-18,Up,0.5153784013081362,random_forest
DAL,DAL,Delta Air Lines,US,Industrials,Passenger Airlines,Medium,1.33,0.45153194290656384,0.037527238396721715,0.04482052305223886,1.0083183654014056,0.47918559694375185,86.56999969482422,2026-08-18,Up,0.5325911240807586,random_forest
DVN,DVN,Devon Energy,US,Energy,Oil & Gas Exploration & Production,Medium,1.33,0.38097815686989983,0.034427553200863645,0.03894721333555986,0.2444104145717902,0.3921462301573999,48.099998474121094,2026-08-18,Up,0.5050456265329895,random_forest
DXCM,DXCM,Dexcom,US,Health Care,Health Care Equipment,Medium,1.33,0.41817250154557567,0.03310530131361584,0.042662828892868904,0.3060230820032638,0.3957024776574337,91.19000244140624,2026-08-18,Down,0.5036437916784803,random_forest
FANG,FANG,Diamondback Energy,US,Energy,Oil & Gas Exploration & Production,Medium,1.33,0.3640392522297864,0.034666584600815196,0.03723503445656938,0.22604230368180453,0.3950496191782837,207.97000122070312,2026-08-18,Up,0.5042492741387983,random_forest
TECHNOE.NS,TECHNOE,Techno Electric & Engineering Company Ltd.,India,Construction,Construction,Medium,1.33,0.45043085615956147,0.03878042507973001,0.047344172604458265,-0.4649381276511454,0.4951694110200695,1002.4500122070312,2026-08-18,Down,0.5033869239453774,random_forest
DG,DG,Dollar General,US,Consumer Staples,Consumer Staples Merchandise Retail,Medium,1.33,0.4251355546429064,0.032576897870515056,0.043586015252041525,0.1814513929683632,0.44483140599906673,121.3949966430664,2026-08-18,Up,0.5090716683824631,random_forest
DLTR,DLTR,Dollar Tree,US,Consumer Staples,Consumer Staples Merchandise Retail,Medium,1.33,0.45573525266142983,0.03734905894480499,0.04628550720983487,0.4297793055906713,0.3910058921150047,130.2100067138672,2026-08-18,Up,0.5075475179532576,random_forest
BAX,BAX,Baxter International,US,Health Care,Health Care Equipment,Medium,1.33,0.41646251026624287,0.03368997770057575,0.0433994824369318,-0.24567937974912485,0.5982045192002146,26.1299991607666,2026-08-18,Up,0.5124478549120998,random_forest
ISRG,ISRG,Intuitive Surgical,US,Health Care,Health Care Equipment,Medium,1.33,0.3478069321589659,0.029957458681583473,0.036188580877383685,-0.2238352793959297,0.4561061800731542,397.1400146484375,2026-08-18,Down,0.5208139741490544,random_forest
JSL.NS,JSL,Jindal Stainless Ltd.,India,Metals & Mining,Metals & Mining,Medium,1.33,0.3364706837447334,0.0367163688299553,0.03459688410535746,0.080995468931247,0.3529027793021159,732.4000244140625,2026-08-18,Down,0.5237093509256948,random_forest
EME,EME,Emcor,US,Industrials,Construction & Engineering,Medium,1.33,0.42768759353618474,0.03807642040651697,0.042299092131292355,1.0944506617006793,0.3618910651769679,835.219970703125,2026-08-18,Down,0.5116502654169035,random_forest
ELV,ELV,Elevance Health,US,Health Care,Managed Health Care,Medium,1.33,0.3570537752600487,0.030578217089179578,0.0372793279399076,-0.3116425951267884,0.5038193720115509,399.7699890136719,2026-08-18,Down,0.530500031418031,random_forest
HSCL.NS,HSCL,Himadri Speciality Chemical Ltd.,India,Chemicals,Chemicals,Medium,1.33,0.383238509023652,0.037338155949698894,0.03847167658778717,0.7096648302003082,0.4029358712456691,781.7999877929688,2026-08-18,Down,0.5239467322111953,random_forest
FIS,FIS,Fidelity National Information Services,US,Financials,Transaction & Payment Processing Services,Medium,1.33,0.30225916021211546,0.031404609932473314,0.03230789315758623,-0.9568843002988638,0.5654764787292881,41.900001525878906,2026-08-18,Up,0.5328905966552479,random_forest
GEN,GEN,Gen Digital,US,Information Technology,Systems Software,Medium,1.33,0.31703658386174044,0.03140766955484581,0.032404772876051764,0.22778490648453942,0.43587924252827037,27.799999237060547,2026-08-18,Up,0.5079285447370583,random_forest
SWANCORP.NS,SWANCORP,Swan Corp Ltd.,India,Chemicals,Chemicals,Medium,1.33,0.4541304126822322,0.043720297216093565,0.04826075037071135,-0.7570513916911079,0.6188002102679179,304.54998779296875,2026-08-18,Down,0.5146496498186518,random_forest
HPQ,HPQ,HP Inc.,US,Information Technology,"Technology Hardware, Storage & Peripherals",Medium,1.33,0.40081810437713383,0.03913116130428444,0.041332413153767025,0.025174368176460925,0.512339662244083,29.850000381469727,2026-08-18,Up,0.5040283366468891,random_forest
HUM,HUM,Humana,US,Health Care,Managed Health Care,Medium,1.33,0.47101712671928253,0.042649045626603196,0.04811714121097394,0.2830523857127818,0.5503515397702936,387.3900146484375,2026-08-18,Down,0.5053587857633565,random_forest
HII,HII,Huntington Ingalls Industries,US,Industrials,Aerospace & Defense,Medium,1.33,0.4164728405469134,0.029335225035975503,0.04237025205224312,0.3777426205772436,0.4312017907377719,320.70001220703125,2026-08-18,Down,0.5046068873003338,random_forest
IBM,IBM,IBM,US,Information Technology,IT Consulting & Other Services,Medium,1.33,0.39830060685527646,0.02930779749518041,0.04048265273400207,0.39792804469584353,0.37499620730156774,232.34500122070312,2026-08-18,Up,0.5121528701539055,random_forest
GVT&D.NS,GVT&D,GE Vernova T&D India Ltd.,India,Capital Goods,Capital Goods,Medium,1.33,0.4396270641114108,0.0430072446697275,0.043467639481330034,1.1040344892115246,0.3990258234725691,4195.0,2026-08-18,Down,0.5325384314619013,random_forest
FIVESTAR.NS,FIVESTAR,Five-Star Business Finance Ltd.,India,Financial Services,Financial Services,Medium,1.33,0.4088001268309668,0.03408884212415514,0.04257961695376366,-0.23430642535552745,0.6129456844441629,535.3499755859375,2026-08-18,Down,0.5170766887727967,random_forest
IR,IR,Ingersoll Rand,US,Industrials,Industrial Machinery & Supplies & Components,Medium,1.33,0.32529407512846836,0.027068014356639258,0.03369995624020032,-0.11852877334166273,0.3662421188473217,81.9749984741211,2026-08-18,Up,0.5116025842537567,random_forest
PODD,PODD,Insulet Corporation,US,Health Care,Health Care Equipment,Medium,1.33,0.41670733392837483,0.03651134233863654,0.043438560824684655,-0.2538264783522314,0.6223003465209426,144.66000366210938,2026-08-18,Up,0.5099132356674436,random_forest
IBKR,IBKR,Interactive Brokers,US,Financials,Investment Banking & Brokerage,Medium,1.33,0.4150836248749403,0.03559545956133113,0.040438256328879554,1.4645442066746621,0.38662814848751537,91.70999908447266,2026-08-18,Up,0.5225427935643473,random_forest
SONATSOFTW.NS,SONATSOFTW,Sonata Software Ltd.,India,Information Technology,Information Technology,Medium,1.33,0.4615707040402196,0.040181620629131796,0.04875183928993197,-0.5920636192303295,0.6892724192709949,309.45001220703125,2026-08-18,Up,0.5122403676440418,random_forest
IFF,IFF,International Flavors & Fragrances,US,Materials,Specialty Chemicals,Medium,1.33,0.32331751407451537,0.02722923576636235,0.033584588487680214,-0.1889612999518015,0.42628574787494183,82.05999755859375,2026-08-18,Up,0.5144041675461142,random_forest
IP,IP,International Paper,US,Materials,Paper & Plastic Packaging Products & Materials,Medium,1.33,0.4031172188372081,0.03550823908397966,0.041614513015024286,-0.002396545657788916,0.4860506445993867,40.27000045776367,2026-08-18,Up,0.5059250820196852,random_forest
INTU,INTU,Intuit,US,Information Technology,Application Software,Medium,1.33,0.40989552893501385,0.04137112170416272,0.04335817797933917,-0.6425529116676785,0.6819406517170054,353.489990234375,2026-08-18,Down,0.5063785935331466,random_forest
TRENT.NS,TRENT,Trent Ltd.,India,Consumer Services,Consumer Services,Medium,1.33,0.4366022362107456,0.033194720447261294,0.04646563890703289,-0.7996166716327627,0.7330319532736135,2942.10009765625,2026-08-18,Down,0.5228709435799568,random_forest
TBOTEK.NS,TBOTEK,TBO Tek Ltd.,India,Consumer Services,Consumer Services,Medium,1.33,0.40917236786366074,0.03910471030701515,0.0419339395526753,0.1873193067735098,0.4744892601732593,1708.199951171875,2026-08-18,Down,0.5254704239858243,random_forest
EXPE,EXPE,Expedia Group,US,Consumer Discretionary,"Hotels, Resorts & Cruise Lines",Medium,1.33,0.4556722260948397,0.03535957938797607,0.04504230597914372,1.1137536140461946,0.3743652655013757,323.1099853515625,2026-08-18,Down,0.502113500628108,random_forest
SONACOMS.NS,SONACOMS,Sona BLW Precision Forgings Ltd.,India,Automobile and Auto Components,Automobile and Auto Components,Medium,1.33,0.33820429561570603,0.030805876290622255,0.03443966751485736,0.3315686462031205,0.45627963807437055,824.0,2026-08-18,Down,0.5215098911702862,random_forest
TMPV.NS,TMPV,Tata Motors Passenger Vehicles Ltd.,India,Automobile and Auto Components,Automobile and Auto Components,Medium,1.33,0.41572577661462795,0.03000303766771669,0.045068997379067006,-1.3043960169945816,0.7336542660889903,322.79998779296875,2026-08-18,Down,0.5116926139306728,random_forest
TATAINVEST.NS,TATAINVEST,Tata Investment Corporation Ltd.,India,Financial Services,Financial Services,Medium,1.33,0.40303932827085787,0.03041275927542551,0.04132506784386085,0.17353213443916543,0.4885160227706837,647.2000122070312,2026-08-18,Down,0.5210192851707625,random_forest
SYRMA.NS,SYRMA,Syrma SGS Technology Ltd.,India,Capital Goods,Capital Goods,Medium,1.33,0.4904444727844671,0.045332756966946296,0.04780415568129742,1.4669693436293074,0.34074249847265886,1500.0999755859375,2026-08-18,Down,0.5223440848087151,random_forest
HUDCO.NS,HUDCO,Housing & Urban Development Corporation Ltd.,India,Financial Services,Financial Services,Medium,1.33,0.3796686202811243,0.041117301631008615,0.03978692374006333,-0.4021549611511946,0.4267804617573681,188.0099945068359,2026-08-18,Down,0.5233725454056832,random_forest
SYNGENE.NS,SYNGENE,Syngene International Ltd.,India,Healthcare,Healthcare,Medium,1.33,0.3067754955930405,0.03012394577611298,0.03301757486031867,-1.1413548793324404,0.590902394028168,404.1000061035156,2026-08-18,Down,0.5250682120470584,random_forest
DD,DD,DuPont,US,Industrials,Industrial Conglomerates,Medium,1.33,0.32198098371888473,0.027286632844098307,0.0324158341332215,0.6165989367798282,0.3783793671502944,140.11500549316406,2026-08-18,Up,0.5223756534994961,random_forest
MANAPPURAM.NS,MANAPPURAM,Manappuram Finance Ltd.,India,Financial Services,Financial Services,Medium,1.33,0.35531650562099276,0.03081165086791075,0.03542935475773394,0.8712170816777377,0.3592100479446978,346.6000061035156,2026-08-18,Down,0.5157811837674198,random_forest
FDS,FDS,FactSet,US,Financials,Financial Exchanges & Data,Medium,1.33,0.36436452430670846,0.03643059226143421,0.03818866953229371,-0.41039810420098843,0.6113144667901047,283.92999267578125,2026-08-18,Down,0.5108326703299926,random_forest
HFCL.NS,HFCL,HFCL Ltd.,India,Telecommunication,Telecommunication,Medium,1.33,0.47147574487367827,0.04387423198250426,0.04737947921651699,0.7024506290626807,0.6223167114027202,230.02999877929688,2026-08-18,Down,0.50719319937044,random_forest
POWERINDIA.NS,POWERINDIA,Hitachi Energy India Ltd.,India,Capital Goods,Capital Goods,Medium,1.33,0.4911692126304067,0.04206023112262507,0.048315898347232156,1.2407775085014614,0.4030598330669577,35275.0,2026-08-18,Down,0.5388510901354684,random_forest
HOMEFIRST.NS,HOMEFIRST,Home First Finance Company India Ltd.,India,Financial Services,Financial Services,Medium,1.33,0.4013756613835081,0.0386173756534083,0.04096783219613354,0.29030970459557587,0.3882353067997478,1177.0999755859375,2026-08-18,Down,0.5232521483641424,random_forest
HINDPETRO.NS,HINDPETRO,Hindustan Petroleum Corporation Ltd.,India,Oil Gas & Consumable Fuels,Oil Gas & Consumable Fuels,Medium,1.33,0.34496749368237156,0.032221741397059286,0.03544921321840984,0.0995106034684615,0.3604849563715581,366.0,2026-08-18,Down,0.5200328009372055,random_forest
EFX,EFX,Equifax,US,Industrials,Research & Consulting Services,Medium,1.33,0.36502348475068747,0.03947398410648888,0.03850239633208757,-0.5791062681630026,0.49693717719506847,180.9499969482422,2026-08-18,Up,0.5033839664728846,random_forest
ERIE,ERIE,Erie Indemnity,US,Financials,Insurance Brokers,Medium,1.33,0.3483855806107916,0.03670981558546119,0.03706097806691908,-0.8111309412895682,0.6086589436310748,253.25,2026-08-18,Up,0.5049425014294927,random_forest
TATAELXSI.NS,TATAELXSI,Tata Elxsi Ltd.,India,Information Technology,Information Technology,Medium,1.33,0.34106241504886653,0.03407129990538476,0.036331146744166966,-0.8499493489482643,0.6112804126437709,3662.0,2026-08-18,Down,0.5301305309647668,random_forest
EL,EL,Estée Lauder Companies (The),US,Consumer Staples,Personal Care Products,Medium,1.33,0.4917375365048585,0.03792687248750958,0.050553239516473655,0.12295457412175527,0.49850710028638107,85.31999969482422,2026-08-18,Up,0.5039901754568086,random_forest
HAL.NS,HAL,Hindustan Aeronautics Ltd.,India,Capital Goods,Capital Goods,Medium,1.33,0.31175715309976687,0.03325914079185507,0.03193913644674016,0.1658471501796204,0.3602077892404959,5099.0,2026-08-18,Down,0.5320175533594396,random_forest
HONASA.NS,HONASA,Honasa Consumer Ltd.,India,Fast Moving Consumer Goods,Fast Moving Consumer Goods,Medium,1.33,0.42011748170816654,0.035378021301593114,0.04316436729138033,0.12465229605249294,0.6291832037108473,474.6000061035156,2026-08-18,Down,0.520765864062575,random_forest
TATACOMM.NS,TATACOMM,Tata Communications Ltd.,India,Telecommunication,Telecommunication,Medium,1.33,0.305367193460684,0.02991662477897276,0.031614618202571304,-0.10926893680407614,0.39027211584034427,1689.800048828125,2026-08-18,Down,0.522587317734901,random_forest
HEXT.NS,HEXT,Hexaware Technologies Ltd.,India,Information Technology,Information Technology,Medium,1.33,0.39350589490030446,0.04008919379335929,0.041240493051311014,-0.40069707653196496,0.5394994593987569,552.75,2026-08-18,Down,0.5152752560301435,random_forest
IVZ,IVZ,Invesco,US,Financials,Asset Management & Custody Banks,Medium,1.33,0.37184590299711723,0.0347646440905672,0.036811926956290285,1.0562243775076732,0.36522083142820216,32.22999954223633,2026-08-18,Up,0.520692678787529,random_forest
IQV,IQV,IQVIA,US,Health Care,Life Sciences Tools & Services,Medium,1.33,0.3979080277150456,0.03454090842980809,0.04090243248242124,0.10670746317266488,0.4553766712862592,245.1699981689453,2026-08-18,Up,0.5031118974090448,random_forest
JIOFIN.NS,JIOFIN,Jio Financial Services Ltd.,India,Financial Services,Financial Services,Medium,1.33,0.3041663363322191,0.032517681535758285,0.03192498070950077,-0.4699217307570572,0.4405679932780851,245.8000030517578,2026-08-18,Down,0.5054419772133438,random_forest
GRAVITA.NS,GRAVITA,Gravita India Ltd.,India,Metals & Mining,Metals & Mining,Medium,1.33,0.4497797928811838,0.041222442757550375,0.046740400252208866,-0.16512951009078447,0.5123450111132173,1814.0999755859375,2026-08-18,Down,0.5314254109099714,random_forest
GRAPHITE.NS,GRAPHITE,Graphite India Ltd.,India,Capital Goods,Capital Goods,Medium,1.33,0.42210267957864184,0.03981443699525611,0.04267565380011687,0.5386376377152868,0.384431988622085,737.1500244140625,2026-08-18,Down,0.5319404029027132,random_forest
SPLPETRO.NS,SPLPETRO,Supreme Petrochem Ltd.,India,Chemicals,Chemicals,Medium,1.33,0.3771379247866322,0.03370067637839425,0.039219172820429374,-0.20070108201097603,0.43063149129251144,707.0,2026-08-18,Down,0.5172810133922003,random_forest
GPN,GPN,Global Payments,US,Financials,Transaction & Payment Processing Services,Medium,1.33,0.40527899799700384,0.03599348946738081,0.0419610570550882,-0.07858400910875271,0.4675820334759113,92.72000122070312,2026-08-18,Up,0.5127792217236383,random_forest
SUPREMEIND.NS,SUPREMEIND,Supreme Industries Ltd.,India,Capital Goods,Capital Goods,Medium,1.33,0.318853355139466,0.03223972239974987,0.033561308959221194,-0.5387830718469153,0.4415734728248101,3604.0,2026-08-18,Down,0.5354528105286167,random_forest
GDDY,GDDY,GoDaddy,US,Information Technology,Internet Services & Infrastructure,Medium,1.33,0.39926083442594745,0.03417344636231092,0.04209259096925513,-0.5563699219252266,0.650151641108166,97.24500274658205,2026-08-18,Up,0.5151972239215282,random_forest
GRANULES.NS,GRANULES,Granules India Ltd.,India,Healthcare,Healthcare,Medium,1.33,0.3590860931825012,0.03156338505811751,0.03643689891042218,0.42910404497139504,0.3996657271338291,851.2000122070312,2026-08-18,Down,0.5238257784250933,random_forest
HAL,HAL,Halliburton,US,Energy,Oil & Gas Equipment & Services,Medium,1.33,0.38656504967593763,0.03572857402103075,0.0394730838235226,0.2754423235602073,0.3904015985708536,34.959999084472656,2026-08-18,Up,0.5088718930468388,random_forest
GODREJPROP.NS,GODREJPROP,Godrej Properties Ltd.,India,Realty,Realty,Medium,1.33,0.3695366841969723,0.04238523330014201,0.038774597881976014,-0.43875735031695756,0.5578295464532024,1997.4000244140625,2026-08-18,Down,0.5105058626472095,random_forest
GODREJIND.NS,GODREJIND,Godrej Industries Ltd.,India,Diversified,Diversified,Medium,1.33,0.4365793319900821,0.03380421588876554,0.04428440617768719,0.45801106134016084,0.4490621552041192,1229.9000244140625,2026-08-18,Down,0.5231569440201351,random_forest
GODIGIT.NS,GODIGIT,Go Digit General Insurance Ltd.,India,Financial Services,Financial Services,Medium,1.33,0.33255979693786747,0.03082160338564066,0.034840020647379684,-0.40935771628112083,0.3834086404119995,255.75,2026-08-18,Down,0.5135342350950572,random_forest
TATATECH.NS,TATATECH,Tata Technologies Ltd.,India,Information Technology,Information Technology,Medium,1.33,0.30731193679944524,0.02921177776368557,0.031951231837816216,-0.21936707604916153,0.5385982352897574,835.7999877929688,2026-08-18,Down,0.5205479807721473,random_forest
DVA,DVA,DaVita,US,Health Care,Health Care Services,Medium,1.33,0.39447915984027804,0.029135554200985646,0.04024400362729258,0.30128798043034966,0.4143219668909669,179.27000427246094,2026-08-18,Up,0.5067691859675242,random_forest
DHI,DHI,D. R. Horton,US,Consumer Discretionary,Homebuilding,Medium,1.33,0.36258646712171627,0.033481937748278685,0.03769107120207365,-0.19462119621049426,0.4127904862190127,146.8300018310547,2026-08-18,Up,0.504769606909196,random_forest
JWL.NS,JWL,Jupiter Wagons Ltd.,India,Capital Goods,Capital Goods,Medium,1.33,0.4790569846535757,0.0405516950087426,0.05070033111415524,-0.6423257966114003,0.5842883207031216,250.6999969482422,2026-08-18,Up,0.5049279856861112,random_forest
JUBLPHARMA.NS,JUBLPHARMA,Jubilant Pharmova Ltd.,India,Healthcare,Healthcare,Medium,1.33,0.3747512770176509,0.033091293226786084,0.03862771409367419,0.029452261177310955,0.35759427360159574,866.0,2026-08-18,Down,0.5087028812521467,random_forest
ADSK,ADSK,Autodesk,US,Information Technology,Application Software,Medium,1.33,0.32183539098878744,0.034567409919245694,0.033149944850105285,0.03025032316685426,0.4255638290272318,250.1199951171875,2026-08-18,Up,0.5049042347240286,random_forest
JUBLINGREA.NS,JUBLINGREA,Jubilant Ingrevia Ltd.,India,Chemicals,Chemicals,Medium,1.33,0.41940336565861286,0.03736791340979427,0.042843806151163163,0.27301535596844206,0.36339899662365016,726.7000122070312,2026-08-18,Down,0.5217036844763598,random_forest
VBL.NS,VBL,Varun Beverages Ltd.,India,Fast Moving Consumer Goods,Fast Moving Consumer Goods,Medium,1.33,0.3251988739244394,0.030958269581584145,0.034110884046165024,-0.44463972067400276,0.41433223924300383,439.2999877929687,2026-08-18,Down,0.5238211158022814,random_forest
JUBLFOOD.NS,JUBLFOOD,Jubilant Foodworks Ltd.,India,Consumer Services,Consumer Services,Medium,1.33,0.31231521342258534,0.02728495846755092,0.03262933050243154,-0.3446941230121265,0.46012224377425454,500.5499877929687,2026-08-18,Down,0.5248119352971672,random_forest
MRPL.NS,MRPL,Mangalore Refinery & Petrochemicals Ltd.,India,Oil Gas & Consumable Fuels,Oil Gas & Consumable Fuels,Medium,1.33,0.4638530564311302,0.041590515052846166,0.047955770059992894,-0.02818720324342113,0.5256140583364896,177.44000244140625,2026-08-18,Down,0.5013423169293162,random_forest
SUZLON.NS,SUZLON,Suzlon Energy Ltd.,India,Capital Goods,Capital Goods,Medium,1.33,0.3831953698204477,0.037068955062253134,0.040465888695881996,-0.6046445135378999,0.5329397544433794,47.779998779296875,2026-08-18,Up,0.510862531173218,random_forest
IRM,IRM,Iron Mountain,US,Real Estate,Other Specialized REITs,Medium,1.33,0.3288841883933466,0.033216190944702274,0.03341933707142159,0.3828145072573346,0.39025446636839517,128.44000244140625,2026-08-18,Up,0.5028656164259444,random_forest
GEHC,GEHC,GE HealthCare,US,Health Care,Health Care Equipment,Medium,1.33,0.3494530881300956,0.03162745144872438,0.036266455310000556,-0.15593693127163755,0.37353727471735976,73.33000183105469,2026-08-18,Up,0.5005531321326953,random_forest
JBHT,JBHT,J.B. Hunt,US,Industrials,Cargo Ground Transportation,Medium,1.33,0.36317940320724806,0.02875442338072758,0.03641032657422923,0.7369992059492648,0.3658119284723025,278.42999267578125,2026-08-18,Up,0.5005934297452395,random_forest
FINCABLES.NS,FINCABLES,Finolex Cables Ltd.,India,Capital Goods,Capital Goods,Medium,1.33,0.40582998689705974,0.03607699410581236,0.04186987632739954,0.013592143276809143,0.5300173912678514,1329.3499755859375,2026-08-18,Down,0.5292261430104165,random_forest
FACT.NS,FACT,Fertilisers and Chemicals Travancore Ltd.,India,Chemicals,Chemicals,Medium,1.33,0.44673882065415454,0.04300924499880999,0.04620899301099365,-0.04423357092856679,0.431714422363611,794.8499755859375,2026-08-18,Down,0.5226245560703318,random_forest
ABDL.NS,ABDL,Allied Blenders and Distillers Ltd.,India,Fast Moving Consumer Goods,Fast Moving Consumer Goods,Medium,1.33,0.40852121774723715,0.037480078527548734,0.040534580561581816,1.0092058722531232,0.43821294376037895,612.5999755859375,2026-08-18,Down,0.5137602943950477,random_forest
SOBHA.NS,SOBHA,Sobha Ltd.,India,Realty,Realty,Medium,1.33,0.35532440612619764,0.034411064126737737,0.03709967792277718,-0.31283338429136837,0.4647171347560001,1308.300048828125,2026-08-18,Down,0.5202664091853999,random_forest
SUMICHEM.NS,SUMICHEM,Sumitomo Chemical India Ltd.,India,Chemicals,Chemicals,Medium,1.33,0.3744028017003429,0.033711452848514734,0.03839135605697292,0.16426259144199196,0.4412418284468167,563.0999755859375,2026-08-18,Down,0.5253681956733136,random_forest
SWIGGY.NS,SWIGGY,Swiggy Ltd.,India,Consumer Services,Consumer Services,Medium,1.33,0.4511616766716701,0.04138087356720935,0.0475105532047192,-0.5148215618511885,0.6003849776183999,274.0,2026-08-18,Down,0.5108749261553998,random_forest
GLAXO.NS,GLAXO,Glaxosmithkline Pharmaceuticals Ltd.,India,Healthcare,Healthcare,Medium,1.33,0.3433990386375437,0.030341664241848917,0.03530457775184361,0.08684285248882401,0.3777802575925669,2877.39990234375,2026-08-18,Down,0.5246721844143268,random_forest
GPIL.NS,GPIL,Godawari Power & Ispat Ltd.,India,Capital Goods,Capital Goods,Medium,1.33,0.39737420887354746,0.03513543812641217,0.04034578771294001,0.4247773546554903,0.3567790022818577,255.22000122070312,2026-08-18,Up,0.5001293330997304,random_forest
FISV,FISV,Fiserv,US,Financials,Transaction & Payment Processing Services,Medium,1.33,0.48812073990851246,0.02995134387153606,0.05231920091774568,-0.9813144683082397,0.801589631030419,53.04499816894531,2026-08-18,Up,0.5452876168741485,random_forest
FTNT,FTNT,Fortinet,US,Information Technology,Systems Software,Medium,1.33,0.4101406674920626,0.0349268960808494,0.040666225694478905,1.02743598900399,0.35070263081261877,157.5500030517578,2026-08-18,Up,0.5171408400140122,random_forest
HBLENGINE.NS,HBLENGINE,HBL Engineering Ltd.,India,Capital Goods,Capital Goods,Medium,1.33,0.4705104017686153,0.04260015740566864,0.04827139786494924,0.1726181325409989,0.4390365484213482,670.0499877929688,2026-08-18,Down,0.5214171121636447,random_forest
FOXA,FOXA,Fox Corporation (Class A),US,Communication Services,Broadcasting,Medium,1.33,0.3161251366971846,0.026572531208705792,0.031377557798644116,0.9720053709933272,0.35580954253634434,69.91999816894531,2026-08-18,Down,0.5009664184413583,random_forest
HEG.NS,HEG,H.E.G. Ltd.,India,Capital Goods,Capital Goods,Medium,1.33,0.4486207492933861,0.04102526039147226,0.044866393395353706,0.8196538930383281,0.4310821607355525,739.25,2026-08-18,Down,0.5173997106354575,random_forest
GMDCLTD.NS,GMDCLTD,Gujarat Mineral Development Corporation Ltd.,India,Metals & Mining,Metals & Mining,Medium,1.33,0.4943790143757808,0.040874567268253635,0.04977553973598475,0.658227760694159,0.3628758404997282,570.7000122070312,2026-08-18,Down,0.5142739663137481,random_forest
FCX,FCX,Freeport-McMoRan,US,Materials,Copper,Medium,1.33,0.4769025824298949,0.04279695711210132,0.04807272890312071,0.6252660216015958,0.43457476624208347,67.12000274658203,2026-08-18,Up,0.5006254946206954,random_forest
FLUOROCHEM.NS,FLUOROCHEM,Gujarat Fluorochemicals Ltd.,India,Chemicals,Chemicals,Medium,1.33,0.33550311348695244,0.02988916925242385,0.03388817743569542,0.5382430544125911,0.3802262632547727,4674.7998046875,2026-08-18,Down,0.5228362672798155,random_forest
IT,IT,Gartner,US,Information Technology,IT Consulting & Other Services,Medium,1.33,0.46733727199115893,0.04384713242262653,0.049914820729109466,-0.88967501374683,0.7721456938413225,183.9149932861328,2026-08-18,Up,0.5103902250494887,random_forest
GESHIP.NS,GESHIP,Great Eastern Shipping Co. Ltd.,India,Services,Services,Medium,1.33,0.34723310894963855,0.03413313070681092,0.03574800087779156,0.05238976641482976,0.4071558061499101,1302.9000244140625,2026-08-18,Down,0.5172217684846506,random_forest
IGL.NS,IGL,Indraprastha Gas Ltd.,India,Oil Gas & Consumable Fuels,Oil Gas & Consumable Fuels,Medium,1.33,0.34232245232186687,0.030318725296561995,0.036350761019963033,-0.7651482845565484,0.458063572369042,149.38999938964844,2026-08-18,Up,0.5036856205637129,random_forest
TIINDIA.NS,TIINDIA,Tube Investments of India Ltd.,India,Automobile and Auto Components,Automobile and Auto Components,Medium,1.33,0.35944979414265943,0.035178072687618835,0.03758042680937686,-0.3466048771233368,0.53528021635055,2959.0,2026-08-18,Down,0.5019179621833081,random_forest
IREDA.NS,IREDA,Indian Renewable Energy Development Agency Ltd.,India,Financial Services,Financial Services,Medium,1.33,0.3704565440414269,0.039248078021600075,0.03961278048375548,-0.942999320198237,0.5813291743095045,115.2699966430664,2026-08-18,Down,0.5182977546403114,random_forest
CONCORDBIO.NS,CONCORDBIO,Concord Biotech Ltd.,India,Healthcare,Healthcare,Medium,1.33,0.454201079080872,0.0362133052980794,0.04672681168533432,0.09818927621169883,0.607369433265321,1565.699951171875,2026-08-18,Down,0.5179866866820892,random_forest
DLF.NS,DLF,DLF Ltd.,India,Realty,Realty,Medium,1.33,0.3125512067650489,0.033934132089548937,0.03265895826516632,-0.3486063505984034,0.4504467630948931,665.75,2026-08-18,Down,0.5300845646173822,random_forest
MTD,MTD,Mettler Toledo,US,Health Care,Life Sciences Tools & Services,Medium,1.33,0.33064216230166105,0.029526481188686737,0.034063616443876635,0.028569007862394837,0.3531039167828331,1418.875,2026-08-18,Down,0.5258133493238415,random_forest
MGM,MGM,MGM Resorts,US,Consumer Discretionary,Casinos & Gaming,Medium,1.33,0.4056113674919744,0.03607466502129483,0.04154207702738475,0.20318241888565072,0.3858061470677934,43.56999969482422,2026-08-18,Up,0.5050816069123415,random_forest
CYIENT.NS,CYIENT,Cyient Ltd.,India,Information Technology,Information Technology,Medium,1.33,0.35614319072483475,0.032528432106152715,0.038085676310287545,-0.9497568851001028,0.6390752583185049,858.5499877929688,2026-08-18,Down,0.5284892098656485,random_forest
CREDITACC.NS,CREDITACC,CreditAccess Grameen Ltd.,India,Financial Services,Financial Services,Medium,1.33,0.4449998393912509,0.04182024160011524,0.04528671471501772,0.3758345557915188,0.36127131692049247,1524.5999755859375,2026-08-18,Down,0.5202237431515297,random_forest
CENTRALBK.NS,CENTRALBK,Central Bank of India,India,Financial Services,Financial Services,Medium,1.33,0.35018242885616624,0.03561225599418142,0.037300750101988564,-0.8455333942718669,0.5009492286400579,31.020000457763672,2026-08-18,Down,0.5698920659820594,random_forest
SJVN.NS,SJVN,SJVN Ltd.,India,Power,Power,Medium,1.33,0.34584350197346325,0.03548438013054885,0.037040984752101255,-0.9944522210530484,0.5347463352791625,66.29000091552734,2026-08-18,Down,0.5339141180935532,random_forest
MOS,MOS,Mosaic Company (The),US,Materials,Fertilizers & Agricultural Chemicals,Medium,1.33,0.41393110293488566,0.0408850726966665,0.04296345921162079,-0.14141625754243375,0.4574302546395526,21.28499984741211,2026-08-18,Up,0.5059843446924333,random_forest
CONCOR.NS,CONCOR,Container Corporation of India Ltd.,India,Services,Services,Medium,1.33,0.3153385511311416,0.029311882639775706,0.03365936596348897,-0.914189057043738,0.560912476922178,518.25,2026-08-18,Down,0.5246397039511937,random_forest
CAMS.NS,CAMS,Computer Age Management Services Ltd.,India,Financial Services,Financial Services,Medium,1.33,0.34559997404767656,0.035198979530787176,0.03585910049159433,-0.15176164794598407,0.4031601879502021,762.0,2026-08-18,Down,0.5193856401466442,random_forest
UHS,UHS,Universal Health Services,US,Health Care,Health Care Facilities,Medium,1.33,0.33358859945519714,0.03437985505571159,0.03484841520932453,-0.33390840531636695,0.4200248258532405,175.22000122070312,2026-08-18,Up,0.5003447126260583,random_forest
NTAP,NTAP,NetApp,US,Information Technology,"Technology Hardware, Storage & Peripherals",Medium,1.33,0.4039297371310642,0.031233311306764565,0.04055181375609958,0.7131190393282627,0.42087918650416983,207.0850067138672,2026-08-18,Up,0.5025001609897601,random_forest
NFLX,NFLX,Netflix,US,Communication Services,Movies & Entertainment,Medium,1.33,0.3429662938343288,0.032400728393562804,0.03505501197478715,0.2373784979085086,0.4951946315240376,77.98999786376953,2026-08-18,Up,0.5000826020274886,random_forest
NEM,NEM,Newmont,US,Materials,Gold,Medium,1.33,0.4373729444127188,0.043599031440383434,0.04318362522053543,1.13879282352447,0.3657082520835501,118.75,2026-08-18,Down,0.5028176560092823,random_forest
COHANCE.NS,COHANCE,Cohance Lifesciences Ltd.,India,Healthcare,Healthcare,Medium,1.33,0.44234291229414124,0.03695328246631407,0.0469634976235168,-0.7339976134739058,0.790211359511265,455.2000122070313,2026-08-18,Down,0.5172601874857847,random_forest
NKE,NKE,"Nike, Inc.",US,Consumer Discretionary,"Apparel, Accessories & Luxury Goods",Medium,1.33,0.37687109008377173,0.03140280932947167,0.040172173926135875,-0.8565678348956267,0.5406179279990988,39.32500076293945,2026-08-18,Up,0.5295651611730346,random_forest
REDINGTON.NS,REDINGTON,Redington Ltd.,India,Services,Services,Medium,1.33,0.4793884157980493,0.040799520831557114,0.04819655670144226,0.6923291438488088,0.3800428882414738,326.29998779296875,2026-08-18,Down,0.5159007134383177,random_forest
COFORGE.NS,COFORGE,Coforge Ltd.,India,Information Technology,Information Technology,Medium,1.33,0.37992141296286347,0.038626140978148114,0.038281215501907495,0.6142154131409746,0.45575309982902873,1773.0,2026-08-18,Down,0.5210071130840193,random_forest
DEEPAKFERT.NS,DEEPAKFERT,Deepak Fertilisers & Petrochemicals Corp. Ltd.,India,Chemicals,Chemicals,Medium,1.33,0.45990581437855305,0.03765337726200397,0.04634510885672412,0.6300083668268044,0.496217209308918,1472.0,2026-08-18,Down,0.5164603090879021,random_forest
SAMMAANCAP.NS,SAMMAANCAP,Sammaan Capital Ltd.,India,Financial Services,Financial Services,Medium,1.33,0.44236833741560083,0.03691898568589869,0.04557168794404617,0.06040504371754417,0.41131816336977595,150.22999572753906,2026-08-18,Up,0.5027178111896817,random_forest
MAZDOCK.NS,MAZDOCK,Mazagoan Dock Shipbuilders Ltd.,India,Capital Goods,Capital Goods,Medium,1.33,0.43762879998275866,0.03967406679396704,0.04475606823263768,0.24793212403051437,0.44602987462313887,2587.0,2026-08-18,Down,0.5336146029386022,random_forest
PREMIERENE.NS,PREMIERENE,Premier Energies Ltd.,India,Capital Goods,Capital Goods,Medium,1.33,0.45385268655450756,0.04221489922097752,0.04623259016599028,0.35263542844273876,0.5020397649757602,1014.7000122070312,2026-08-18,Down,0.5238820728566799,random_forest
ECLERX.NS,ECLERX,eClerx Services Ltd.,India,Services,Services,Medium,1.33,0.43547322846088604,0.03924735246425698,0.0441660725209585,0.4613291812647139,0.46436222987100767,1805.199951171875,2026-08-18,Down,0.5100944340988833,random_forest
PFC.NS,PFC,Power Finance Corporation Ltd.,India,Financial Services,Financial Services,Medium,1.33,0.3249381831274699,0.034338620157181456,0.033893773681770406,-0.29756886110564007,0.3699223788031857,374.4500122070313,2026-08-18,Down,0.5065819284116233,random_forest
VEEV,VEEV,Veeva Systems,US,Health Care,Health Care Technology,Medium,1.33,0.38144969091003206,0.03324873389728295,0.03877015038333015,0.39336047756393266,0.5054862776039226,245.76499938964844,2026-08-18,Down,0.5079147390537968,random_forest
OIL.NS,OIL,Oil India Ltd.,India,Oil Gas & Consumable Fuels,Oil Gas & Consumable Fuels,Medium,1.33,0.3547724331759464,0.04008282465063684,0.037124707846853316,-0.3717244188608205,0.5276978038733393,480.5,2026-08-18,Down,0.5303006336792397,random_forest
BAJAJHLDNG.NS,BAJAJHLDNG,Bajaj Holdings & Investment Ltd.,India,Financial Services,Financial Services,Medium,1.33,0.32679041215746635,0.03007567178133118,0.03328324903833342,0.32291254970412275,0.3948040488133903,11254.0,2026-08-18,Down,0.5201559997381988,random_forest
OBEROIRLTY.NS,OBEROIRLTY,Oberoi Realty Ltd.,India,Realty,Realty,Medium,1.33,0.31048862880535083,0.031129787579423765,0.03186055511824178,0.12362380447699634,0.38861983765489405,1858.0,2026-08-18,Down,0.5171262947691013,random_forest
VTRS,VTRS,Viatris,US,Health Care,Pharmaceuticals,Medium,1.33,0.3459681242000047,0.02772159887375599,0.03478682483418301,0.657220957169882,0.4501557595628848,16.389999389648438,2026-08-18,Up,0.5047938023654102,random_forest
NUVOCO.NS,NUVOCO,Nuvoco Vistas Corporation Ltd.,India,Construction Materials,Construction Materials,Medium,1.33,0.3146259209003638,0.02813271196328355,0.03244764512388984,-0.004872648201249653,0.4026774278415895,326.45001220703125,2026-08-18,Down,0.5075262889808985,random_forest
BLS.NS,BLS,BLS International Services Ltd.,India,Consumer Services,Consumer Services,Medium,1.33,0.4527793839906102,0.042098810456861445,0.04725763040202488,-0.27892362193730524,0.5569669369465824,267.739990234375,2026-08-18,Down,0.5143609476934814,random_forest
NAM-INDIA.NS,NAM-INDIA,Nippon Life India Asset Management Ltd.,India,Financial Services,Financial Services,Medium,1.33,0.40047616343247355,0.03644599825838145,0.040102770288644354,0.7766550677458353,0.36307238530049163,1170.5999755859375,2026-08-18,Down,0.5195201222146277,random_forest
NEULANDLAB.NS,NEULANDLAB,Neuland Laboratories Ltd.,India,Healthcare,Healthcare,Medium,1.33,0.4886483719191909,0.043323913265129514,0.04874456975630196,0.8914062962143791,0.4123559409226102,23370.0,2026-08-18,Down,0.5175763918274918,random_forest
BEML.NS,BEML,BEML Ltd.,India,Capital Goods,Capital Goods,Medium,1.33,0.4308704664971118,0.04052190756730737,0.044208453538596655,0.1625376213519318,0.4590059505313238,1965.5,2026-08-18,Down,0.5191776637625392,random_forest
NAVA.NS,NAVA,Nava Ltd.,India,Power,Power,Medium,1.33,0.4426033513828096,0.039622430908834355,0.04507672251206674,0.356050340922412,0.446740509057873,558.9000244140625,2026-08-18,Down,0.5274498365897122,random_forest
WST,WST,West Pharmaceutical Services,US,Health Care,Health Care Supplies,Medium,1.33,0.47459824633847025,0.031021187043665823,0.04839496791582328,0.3304219378226029,0.45234987705260055,346.93499755859375,2026-08-18,Down,0.5159003990636968,random_forest
WSM,WSM,"Williams-Sonoma, Inc.",US,Consumer Discretionary,Homefurnishing Retail,Medium,1.33,0.43804500342693664,0.03309648576064289,0.04387816144699017,0.7775510142127338,0.3678746636241142,240.6999969482422,2026-08-18,Up,0.5050412231084276,random_forest
NATIONALUM.NS,NATIONALUM,National Aluminium Co. Ltd.,India,Metals & Mining,Metals & Mining,Medium,1.33,0.40922313003137095,0.040547888632261345,0.04024580186733862,1.2300918674923327,0.421203022327933,388.0,2026-08-18,Down,0.5160101464957856,random_forest
WDAY,WDAY,"Workday, Inc.",US,Information Technology,Application Software,Medium,1.33,0.45398676083120404,0.04030748955229909,0.046998280125010665,-0.0647782926156215,0.5980851040400711,194.25,2026-08-18,Up,0.5088988411714231,random_forest
WYNN,WYNN,Wynn Resorts,US,Consumer Discretionary,Casinos & Gaming,Medium,1.33,0.37941312624428586,0.03294904075926566,0.038394283741436414,0.5049598460822757,0.37542713747878664,103.18000030517578,2026-08-18,Up,0.5001193277663847,random_forest
NTPCGREEN.NS,NTPCGREEN,NTPC Green Energy Ltd.,India,Power,Power,Medium,1.33,0.33706774871828493,0.030548322531235177,0.035349401376511325,-0.4354959623362845,0.4268218830809796,92.16999816894533,2026-08-18,Down,0.5264731771185063,random_forest
NSLNISP.NS,NSLNISP,NMDC Steel Ltd.,India,Metals & Mining,Metals & Mining,Medium,1.33,0.39171220117355243,0.0339376724720696,0.04092540257315632,-0.3193912048211091,0.40586224504775337,40.4900016784668,2026-08-18,Up,0.5193931124713784,random_forest
PTC,PTC,PTC Inc.,US,Information Technology,Application Software,Medium,1.33,0.3359106984580068,0.030580246478112562,0.03492342001447612,-0.2073657071797625,0.4812266084869396,148.80999755859375,2026-08-18,Up,0.5072358487763236,random_forest
DEEPAKNTR.NS,DEEPAKNTR,Deepak Nitrite Ltd.,India,Chemicals,Chemicals,Medium,1.33,0.30916631412904805,0.03011702696951326,0.03279782940152436,-0.7514939420344485,0.5692197887811421,1771.0,2026-08-18,Down,0.5306340258830182,random_forest
MOTHERSON.NS,MOTHERSON,Samvardhana Motherson International Ltd.,India,Automobile and Auto Components,Automobile and Auto Components,Medium,1.33,0.3501607309524555,0.03176552145601,0.03538297418799923,0.5329610574017061,0.47261749077605103,170.39999389648438,2026-08-18,Down,0.511725889277062,random_forest
ENRIN.NS,ENRIN,Siemens Energy India Ltd.,India,Capital Goods,Capital Goods,Medium,1.33,0.3750517779330054,0.03395805965143611,0.03764288555766683,0.7120630572848733,0.41067519676016645,3593.199951171875,2026-08-18,Down,0.526152369335254,random_forest
NXPI,NXPI,NXP Semiconductors,US,Information Technology,Semiconductors,Medium,1.33,0.4785679475611209,0.042253946005794796,0.04934449017655777,0.04428188578619503,0.3972995255451379,225.6499938964844,2026-08-18,Up,0.5396071870715157,random_forest
RITES.NS,RITES,RITES Ltd.,India,Construction,Construction,Medium,1.33,0.3974751275351522,0.0355611311941848,0.0416100795521746,-0.3702643422414845,0.5075781768888867,218.4900054931641,2026-08-18,Down,0.5194603940316576,random_forest
CHENNPETRO.NS,CHENNPETRO,Chennai Petroleum Corporation Ltd.,India,Oil Gas & Consumable Fuels,Oil Gas & Consumable Fuels,Medium,1.33,0.47508697515285675,0.04180655939911967,0.04796189836508099,0.5866557701490742,0.5558397174612708,1404.0,2026-08-18,Down,0.5241096441884672,random_forest
ODFL,ODFL,Old Dominion,US,Industrials,Cargo Ground Transportation,Medium,1.33,0.3928238859998733,0.03563968662823105,0.04028402833680899,0.16685428093756235,0.4517843268101797,209.3000030517578,2026-08-18,Up,0.5071852859819505,random_forest
PNR,PNR,Pentair,US,Industrials,Industrial Machinery & Supplies & Components,Medium,1.33,0.3023118487128272,0.025173614569697668,0.03167232637264447,-0.4223732995665218,0.4496676503698078,63.650001525878906,2026-08-18,Up,0.5294864102733232,random_forest
OXY,OXY,Occidental Petroleum,US,Energy,Oil & Gas Exploration & Production,Medium,1.33,0.3530803832279246,0.033529310730693984,0.03619457196553427,0.16521773203767073,0.36202485990699274,59.209999084472656,2026-08-18,Up,0.5051373260924691,random_forest
RAILTEL.NS,RAILTEL,Railtel Corporation Of India Ltd.,India,Telecommunication,Telecommunication,Medium,1.33,0.4385327660590745,0.04366578321285871,0.04610811036516418,-0.4756969576544669,0.5037254578848087,277.1499938964844,2026-08-18,Down,0.5180215474071874,random_forest
CHAMBLFERT.NS,CHAMBLFERT,Chambal Fertilizers & Chemicals Ltd.,India,Chemicals,Chemicals,Medium,1.33,0.3238283362176109,0.031151591573341644,0.033526656622587726,-0.10239211189804988,0.4211159525969652,434.3999938964844,2026-08-18,Down,0.5264226270997666,random_forest
RRKABEL.NS,RRKABEL,R R Kabel Ltd.,India,Capital Goods,Capital Goods,Medium,1.33,0.3858849238745353,0.028852705554721515,0.03859877497341279,0.8008690086476583,0.5182253940098765,2784.89990234375,2026-08-18,Down,0.5217684843763,random_forest
CDSL.NS,CDSL,Central Depository Services (India) Ltd.,India,Financial Services,Financial Services,Medium,1.33,0.372991592526915,0.03578098811443595,0.03848044560772502,0.005901965863783498,0.4612154209710674,1340.5999755859375,2026-08-18,Down,0.5298966846946707,random_forest
RBLBANK.NS,RBLBANK,RBL Bank Ltd.,India,Financial Services,Financial Services,Medium,1.33,0.36240026550069177,0.030822133712152783,0.03605931425654191,0.926527419320565,0.35365855844819394,383.0,2026-08-18,Down,0.5284859964078272,random_forest
PYPL,PYPL,PayPal,US,Financials,Transaction & Payment Processing Services,Medium,1.33,0.39568077126687906,0.03345626598775711,0.04091136217303764,-0.04535716386306109,0.573354264740729,61.41999816894531,2026-08-18,Up,0.5176659650240437,random_forest
CLEAN.NS,CLEAN,Clean Science and Technology Ltd.,India,Chemicals,Chemicals,Medium,1.33,0.3347621482885043,0.03236135980059552,0.03569869353745094,-0.8812685665757054,0.5935947915839235,831.9000244140625,2026-08-18,Down,0.5296833068501463,random_forest
RVNL.NS,RVNL,Rail Vikas Nigam Ltd.,India,Construction,Construction,Medium,1.33,0.4097802237256373,0.0405604015092552,0.04397382555987723,-1.028681946306007,0.6311093241682587,225.0,2026-08-18,Down,0.5289284287532539,random_forest
NVDA,NVDA,Nvidia,US,Information Technology,Semiconductors,Medium,1.33,0.45117256477131307,0.04165923727156457,0.04528474413967176,0.7290346374011465,0.36881037580530474,220.1499938964844,2026-08-18,Up,0.5055038770550082,random_forest
RHIM.NS,RHIM,RHI MAGNESITA INDIA LTD.,India,Capital Goods,Capital Goods,Medium,1.33,0.3811606864582466,0.03617191792682768,0.04022931271046954,-0.5908477631368926,0.4711075071523605,380.0,2026-08-18,Up,0.5001932694527029,random_forest
CHOLAHLDNG.NS,CHOLAHLDNG,Cholamandalam Financial Holdings Ltd.,India,Financial Services,Financial Services,Medium,1.33,0.38903247698318494,0.03661940831962595,0.040035372841192435,0.07507633914267511,0.3758859660183232,1563.300048828125,2026-08-18,Down,0.5233261849943778,random_forest
NUE,NUE,Nucor,US,Materials,Steel,Medium,1.33,0.3634880836867766,0.032524386251416966,0.036107462810857076,0.9685176670228921,0.3789066631634301,266.80999755859375,2026-08-18,Down,0.5000101601588085,random_forest
PRESTIGE.NS,PRESTIGE,Prestige Estates Projects Ltd.,India,Realty,Realty,Medium,1.33,0.36777739908622864,0.03862654364061405,0.03812817086325235,-0.12283094825664591,0.44648122615388863,1590.0,2026-08-18,Down,0.521727233666395,random_forest
PANW,PANW,Palo Alto Networks,US,Information Technology,Systems Software,Medium,1.33,0.39326915534160756,0.039317722562883455,0.03888603326017561,1.0920399832480485,0.3600596483682511,373.2999877929687,2026-08-18,Down,0.5146319847960981,random_forest
RECLTD.NS,RECLTD,REC Ltd.,India,Financial Services,Financial Services,Medium,1.33,0.3232466510372864,0.03436619563693831,0.03418992945133607,-0.6666449344767805,0.4764355849197193,338.5,2026-08-18,Down,0.5049281784612243,random_forest
CRAFTSMAN.NS,CRAFTSMAN,Craftsman Automation Ltd.,India,Automobile and Auto Components,Automobile and Auto Components,Medium,1.33,0.38860346841239257,0.030904250505998456,0.038563250554793795,1.0009689450217056,0.40449384012970563,10890.5,2026-08-18,Down,0.5174540724746963,random_forest
KKR,KKR,KKR & Co.,US,Financials,Asset Management & Custody Banks,Medium,1.33,0.4188650911505159,0.04167476066204561,0.04324802705198139,-0.003378471311460459,0.49416220655151966,107.5875015258789,2026-08-18,Up,0.5467141194311527,random_forest
COCHINSHIP.NS,COCHINSHIP,Cochin Shipyard Ltd.,India,Capital Goods,Capital Goods,Medium,1.33,0.4357543250073889,0.040152987951620304,0.04550116432447391,-0.29421818504955977,0.49831202988607937,1485.0999755859375,2026-08-18,Down,0.5271428517738428,random_forest
SCI.NS,SCI,Shipping Corporation of India Ltd.,India,Services,Services,Medium,1.33,0.4600446335450744,0.04005820881396526,0.046987478272583594,0.28582478623868446,0.479266037696817,295.75,2026-08-18,Down,0.5037864647899415,random_forest
LVS,LVS,Las Vegas Sands,US,Consumer Discretionary,Casinos & Gaming,Medium,1.33,0.3657295551742365,0.03112750602058453,0.03730704679464399,0.29605775481776536,0.4402824912229488,46.0099983215332,2026-08-18,Up,0.5027220150838619,random_forest
LDOS,LDOS,Leidos,US,Industrials,Diversified Support Services,Medium,1.33,0.32337733264330226,0.028722468539781786,0.03333265264125585,0.012231137618789642,0.4947102479077846,144.4499969482422,2026-08-18,Down,0.5029950100817151,random_forest
IRFC.NS,IRFC,Indian Railway Finance Corporation Ltd.,India,Financial Services,Financial Services,Medium,1.33,0.32550319189296717,0.03312249262692543,0.03492817074840832,-1.052544103686439,0.515878922226116,86.11000061035156,2026-08-18,Down,0.5436503773105749,random_forest
LII,LII,Lennox International,US,Industrials,Building Products,Medium,1.33,0.37501808151241156,0.03384063230455428,0.0392082463598589,-0.34209087035801466,0.38131416725066375,412.75,2026-08-18,Down,0.5033912688656155,random_forest
EMCURE.NS,EMCURE,Emcure Pharmaceuticals Ltd.,India,Healthcare,Healthcare,Medium,1.33,0.36228605920916584,0.03432042002963834,0.03657981847376912,0.5565343926195242,0.40678632382753344,1874.5,2026-08-18,Down,0.5219566722404643,random_forest
EMAMILTD.NS,EMAMILTD,Emami Ltd.,India,Fast Moving Consumer Goods,Fast Moving Consumer Goods,Medium,1.33,0.3049086818417501,0.03071077016408448,0.03272891725446816,-1.0696409673898675,0.523555629246024,400.1000061035156,2026-08-18,Down,0.524634349390908,random_forest
RKFORGE.NS,RKFORGE,Ramkrishna Forgings Ltd.,India,Automobile and Auto Components,Automobile and Auto Components,Medium,1.33,0.3718329398574519,0.03497823449587259,0.03870646380502149,-0.22862165510606167,0.5572267437377683,754.3499755859375,2026-08-18,Down,0.5265520700520187,random_forest
ELGIEQUIP.NS,ELGIEQUIP,Elgi Equipments Ltd.,India,Capital Goods,Capital Goods,Medium,1.33,0.3825214985428528,0.03445988067743711,0.03939385711430284,0.054531221810986616,0.45475497020593075,614.2000122070312,2026-08-18,Down,0.5262273798555697,random_forest
SAREGAMA.NS,SAREGAMA,Saregama India Ltd,India,Media Entertainment & Publication,Media Entertainment & Publication,Medium,1.33,0.43923171683514706,0.04014859265852713,0.04515272238462732,0.11474476743321867,0.529714535517835,513.9500122070312,2026-08-18,Down,0.5088176671844182,random_forest
EIHOTEL.NS,EIHOTEL,EIH Ltd.,India,Consumer Services,Consumer Services,Medium,1.33,0.33080204078832,0.03147314338103248,0.03449333922818203,-0.28618141851464574,0.36338211895327827,296.70001220703125,2026-08-18,Down,0.5106655607072406,random_forest
LULU,LULU,Lululemon Athletica,US,Consumer Discretionary,"Apparel, Accessories & Luxury Goods",Medium,1.33,0.4633116862571288,0.04028880407195586,0.04913439491759444,-0.6997967926298372,0.7496675862179906,118.60050201416016,2026-08-18,Up,0.5075109957554238,random_forest
LYB,LYB,LyondellBasell,US,Materials,Specialty Chemicals,Medium,1.33,0.40610572915479526,0.0362075625953893,0.042266407293977154,-0.21474637073913416,0.5340231190924791,64.77999877929688,2026-08-18,Down,0.5000980120477109,random_forest
EIDPARRY.NS,EIDPARRY,E.I.D. Parry (India) Ltd.,India,Fast Moving Consumer Goods,Fast Moving Consumer Goods,Medium,1.33,0.3137500724402907,0.030540595633431113,0.032297727759140527,0.04263464683529221,0.43043196618922774,780.5999755859375,2026-08-18,Down,0.5209502554115077,random_forest
DIXON.NS,DIXON,Dixon Technologies (India) Ltd.,India,Consumer Durables,Consumer Durables,Medium,1.33,0.40127356029983324,0.03796878345497375,0.041053762949179375,0.22977520313993285,0.4890586991102794,14150.0,2026-08-18,Down,0.5234697215225415,random_forest
SAPPHIRE.NS,SAPPHIRE,Sapphire Foods India Ltd.,India,Consumer Services,Consumer Services,Medium,1.33,0.41107743555610887,0.036924538271608257,0.042856589129124066,-0.25814631635805585,0.6058176211660193,231.9900054931641,2026-08-18,Down,0.5333277735010493,random_forest
DEVYANI.NS,DEVYANI,Devyani International Ltd.,India,Consumer Services,Consumer Services,Medium,1.33,0.3822442826457382,0.034342709486071016,0.039677892822460065,-0.15162054145438048,0.5731113116877241,142.08999633789062,2026-08-18,Down,0.5333881110830059,random_forest
DELHIVERY.NS,DELHIVERY,Delhivery Ltd.,India,Services,Services,Medium,1.33,0.3259962237407856,0.02881841934746238,0.03348049188313446,0.10761561008788519,0.4516431159463187,451.7999877929687,2026-08-18,Down,0.5204197247158282,random_forest
ELECON.NS,ELECON,Elecon Engineering Co. Ltd.,India,Capital Goods,Capital Goods,Medium,1.33,0.46935924488846226,0.041795947952044894,0.048847622581074765,-0.20037559350756226,0.5128839127464613,433.9500122070313,2026-08-18,Down,0.5265263269452569,random_forest
BALKRISIND.NS,BALKRISIND,Balkrishna Industries Ltd.,India,Automobile and Auto Components,Automobile and Auto Components,Medium,1.33,0.308281754271082,0.02958483098902035,0.03205984531522568,-0.22531848808069221,0.36334510645190604,2376.699951171875,2026-08-18,Down,0.5197745463547427,random_forest
LEN,LEN,Lennar,US,Consumer Discretionary,Homebuilding,Medium,1.33,0.3566634948485884,0.03838656571852464,0.038017854010329574,-0.8623603074597328,0.5450522953315443,85.11000061035156,2026-08-18,Up,0.5081327572256823,random_forest
UNH,UNH,UnitedHealth Group,US,Health Care,Managed Health Care,Medium,1.33,0.4220795563971658,0.029732965251638974,0.04403565264540893,-0.2747422660920855,0.6139086244722681,395.3900146484375,2026-08-18,Down,0.5167553907024608,random_forest
BHARATFORG.NS,BHARATFORG,Bharat Forge Ltd.,India,Automobile and Auto Components,Automobile and Auto Components,Medium,1.33,0.3014782107178551,0.02609035888004869,0.03047523678255615,0.504881596607334,0.41652749088530144,2098.89990234375,2026-08-18,Down,0.5103141404755274,random_forest
TMO,TMO,Thermo Fisher Scientific,US,Health Care,Life Sciences Tools & Services,Medium,1.33,0.30308085636676535,0.025529953899063446,0.03127701844388923,-0.026366264961441375,0.3727526396487695,587.5449829101562,2026-08-18,Down,0.5184787436598968,random_forest
TSCO,TSCO,Tractor Supply,US,Consumer Discretionary,Other Specialty Retail,Medium,1.33,0.3037463849263335,0.029968343071087006,0.032015097936889864,-0.5814369289442674,0.5269463217482326,35.3849983215332,2026-08-18,Down,0.5018246480371658,random_forest
PCBL.NS,PCBL,PCBL Chemical Ltd.,India,Chemicals,Chemicals,Medium,1.33,0.4499400814713486,0.04199009810925544,0.04662294768279836,-0.08998650460602332,0.5850905713343967,326.54998779296875,2026-08-18,Down,0.5090103126837848,random_forest
TRMB,TRMB,Trimble Inc.,US,Information Technology,Application Software,Medium,1.33,0.32813513039539727,0.030251146869887464,0.03375431951379504,0.0668237761780765,0.4266776143050972,56.880001068115234,2026-08-18,Up,0.5145612325850355,random_forest
POLICYBZR.NS,POLICYBZR,PB Fintech Ltd.,India,Financial Services,Financial Services,Medium,1.33,0.38977987011224274,0.03969428457271914,0.039976791681836765,0.16287385251913702,0.39892142260758506,1747.0,2026-08-18,Down,0.5308935079348303,random_forest
TYL,TYL,Tyler Technologies,US,Information Technology,Application Software,Medium,1.33,0.3356794327041839,0.03100122111622846,0.035665719710354156,-0.7827542986680768,0.5743730198067456,332.95001220703125,2026-08-18,Down,0.5127920640675472,random_forest
OFSS.NS,OFSS,Oracle Financial Services Software Ltd.,India,Information Technology,Information Technology,Medium,1.33,0.3416163236023692,0.032337568431928546,0.034895909351270606,0.2524975524488763,0.48979283872575397,11623.0,2026-08-18,Down,0.5259110319777641,random_forest
ONESOURCE.NS,ONESOURCE,Onesource Specialty Pharma Ltd.,India,Healthcare,Healthcare,Medium,1.33,0.449743306775298,0.04057901650520432,0.04646183841575122,-0.01117755732822018,0.49312950439054326,1542.300048828125,2026-08-18,Down,0.517160860632579,random_forest
BHEL.NS,BHEL,Bharat Heavy Electricals Ltd.,India,Capital Goods,Capital Goods,Medium,1.33,0.3685705302362538,0.03670368998714928,0.03716924343005019,0.5892628084503296,0.40206910405785456,425.0,2026-08-18,Down,0.5238452271292908,random_forest
BANDHANBNK.NS,BANDHANBNK,Bandhan Bank Ltd.,India,Financial Services,Financial Services,Medium,1.33,0.39466348624539804,0.03472248541099781,0.04078681213157605,-0.03325091579293453,0.38858908492016647,170.5,2026-08-18,Down,0.5156673392057505,random_forest
PARADEEP.NS,PARADEEP,Paradeep Phosphates Ltd.,India,Chemicals,Chemicals,Medium,1.33,0.47522759012434973,0.04427029849288947,0.04768915597430149,0.7388359527014081,0.5523483531111798,147.82000732421875,2026-08-18,Up,0.5073779220953487,random_forest
FIRSTCRY.NS,FIRSTCRY,Brainbees Solutions Ltd.,India,Consumer Services,Consumer Services,Medium,1.33,0.48804040256980863,0.04479316971749658,0.05248525249134312,-1.0715150750351763,0.718539006810723,204.6499938964844,2026-08-18,Down,0.506751009518788,random_forest
POLYCAB.NS,POLYCAB,Polycab India Ltd.,India,Capital Goods,Capital Goods,Medium,1.33,0.33279602064016767,0.03135382260097415,0.0335907376303737,0.5554498372536155,0.3794811636738163,9139.0,2026-08-18,Down,0.537138057061169,random_forest
PHM,PHM,PulteGroup,US,Consumer Discretionary,Homebuilding,Medium,1.33,0.34334978919518405,0.033277974932033084,0.03527337745304981,0.10600927799786339,0.3801064852545739,127.73500061035156,2026-08-18,Up,0.5108614417850798,random_forest
QCOM,QCOM,Qualcomm,US,Information Technology,Semiconductors,Medium,1.33,0.4591218339010324,0.0422572508370321,0.04724895119513113,0.09040201275791927,0.4097873072565437,159.50999450683594,2026-08-18,Up,0.5196250804396061,random_forest
POLYMED.NS,POLYMED,Poly Medicure Ltd.,India,Healthcare,Healthcare,Medium,1.33,0.4392921405113005,0.04217266697197828,0.04548415174340763,-0.07180397071859866,0.6186545941894905,1784.699951171875,2026-08-18,Down,0.5135034896445299,random_forest
RL,RL,Ralph Lauren Corporation,US,Consumer Discretionary,"Apparel, Accessories & Luxury Goods",Medium,1.33,0.3737398230803505,0.032561103810433,0.036741541485296236,1.230648764267881,0.36175421939545516,381.4700012207031,2026-08-18,Down,0.5159480896367765,random_forest
PPLPHARMA.NS,PPLPHARMA,Piramal Pharma Ltd.,India,Healthcare,Healthcare,Medium,1.33,0.4117401690755587,0.03831427621621621,0.042055392030610664,0.27465947409127656,0.5457116217117602,210.52999877929688,2026-08-18,Up,0.5012470693497941,random_forest
CARBORUNIV.NS,CARBORUNIV,Carborundum Universal Ltd.,India,Capital Goods,Capital Goods,Medium,1.33,0.3222681047126733,0.02700249476203198,0.033829512109572975,-0.466123174814119,0.5232184169159494,1126.0,2026-08-18,Down,0.5247916561936774,random_forest
BDL.NS,BDL,Bharat Dynamics Ltd.,India,Capital Goods,Capital Goods,Medium,1.33,0.4249834586221006,0.04087686188416579,0.04356975380086086,0.18181391943160102,0.45375895154956697,1393.0,2026-08-18,Down,0.5296070281913825,random_forest
TGT,TGT,Target Corporation,US,Consumer Staples,Consumer Staples Merchandise Retail,Medium,1.33,0.3595907524067824,0.030131346071292364,0.03671796616530837,0.2681760452760978,0.45233952540547384,152.5601043701172,2026-08-18,Down,0.5018119210508403,random_forest
REGN,REGN,Regeneron Pharmaceuticals,US,Health Care,Biotechnology,Medium,1.33,0.36223622559790686,0.03558503064916514,0.03802202886968757,-0.4502961708511399,0.596920071666087,814.8099975585938,2026-08-18,Down,0.5355159697042454,random_forest
BBTC.NS,BBTC,Bombay Burmah Trading Corporation Ltd.,India,Fast Moving Consumer Goods,Fast Moving Consumer Goods,Medium,1.33,0.3507307958487007,0.03275153036635054,0.03702238175477254,-0.6033789263226812,0.5330666207917646,1473.199951171875,2026-08-18,Down,0.5224631171774461,random_forest
IOB.NS,IOB,Indian Overseas Bank,India,Financial Services,Financial Services,Medium,1.33,0.3387175623095589,0.03224891618411246,0.036116793879169,-0.8771197766414476,0.49638904719688326,33.27000045776367,2026-08-18,Down,0.5458821976655959,random_forest
URI,URI,United Rentals,US,Industrials,Trading Companies & Distributors,Medium,1.33,0.4017247905502722,0.03177338771045694,0.04033696331283788,0.7084910144468616,0.3703475148271028,1151.969970703125,2026-08-18,Down,0.5085527559639682,random_forest
TORNTPOWER.NS,TORNTPOWER,Torrent Power Ltd.,India,Power,Power,Medium,1.33,0.3538146932235269,0.03645421569047205,0.036918044617281404,-0.29621783442832383,0.383091397974318,1264.0999755859375,2026-08-18,Up,0.520841698948499,random_forest
TITAGARH.NS,TITAGARH,Titagarh Rail Systems Ltd.,India,Capital Goods,Capital Goods,Medium,1.33,0.41366261707735724,0.04118932664518209,0.0436481255997588,-0.5755487844343697,0.6148334212992737,841.4000244140625,2026-08-18,Down,0.5236264370148775,random_forest
CTSH,CTSH,Cognizant,US,Information Technology,IT Consulting & Other Services,Medium,1.33,0.331197266198206,0.03229385779579464,0.03459076135370913,-0.3288069008067121,0.560799585129983,57.380001068115234,2026-08-18,Up,0.517083404260202,random_forest
TIMKEN.NS,TIMKEN,Timken India Ltd.,India,Capital Goods,Capital Goods,Medium,1.33,0.30669330220661445,0.02836751303769565,0.03176003180529536,-0.1153759473223163,0.423370425156039,3299.5,2026-08-18,Down,0.5339937928536036,random_forest
CMG,CMG,Chipotle Mexican Grill,US,Consumer Discretionary,Restaurants,Medium,1.33,0.3799578838970819,0.037066053376313114,0.039974809445739494,-0.5065818949823451,0.5740628968357387,33.650001525878906,2026-08-18,Up,0.5055271749880561,random_forest
SIGNATURE.NS,SIGNATURE,Signatureglobal (India) Ltd.,India,Realty,Realty,Medium,1.33,0.33849838128097326,0.03666786581567893,0.036171275458873386,-0.9351546034851164,0.5571951135244807,800.9500122070312,2026-08-18,Down,0.5227595984345067,random_forest
ARE&M.NS,ARE&M,Amara Raja Energy & Mobility Ltd.,India,Automobile and Auto Components,Automobile and Auto Components,Medium,1.33,0.31295013195603744,0.02860298410095337,0.03321284200057128,-0.7608867370056913,0.5655456030400334,935.7999877929688,2026-08-18,Down,0.5163518722880729,random_forest
ESCORTS.NS,ESCORTS,Escorts Kubota Ltd.,India,Capital Goods,Capital Goods,Medium,1.33,0.31014800956968475,0.033650969076126545,0.03229091941809327,-0.254594602655147,0.36857272202117153,3062.10009765625,2026-08-18,Down,0.5216664120752775,random_forest
SWK,SWK,Stanley Black & Decker,US,Industrials,Industrial Machinery & Supplies & Components,Medium,1.33,0.4078865650585284,0.03228116724022174,0.04173138267888806,0.23074137898238348,0.4830637807437195,99.02999877929688,2026-08-18,Up,0.5261145992006129,random_forest
BLUESTARCO.NS,BLUESTARCO,Blue Star Ltd.,India,Consumer Durables,Consumer Durables,Medium,1.33,0.3565739301043833,0.037753325968516105,0.03697450057324982,-0.13177077083488778,0.35637746342459364,1493.0,2026-08-18,Down,0.5166478098757892,random_forest
BLUEDART.NS,BLUEDART,Blue Dart Express Ltd.,India,Services,Services,Medium,1.33,0.3210126703718851,0.030131127963865124,0.03394548053791449,-0.6611004652647972,0.49560019595431914,5085.5,2026-08-18,Down,0.5211566273391753,random_forest
BSOFT.NS,BSOFT,Birlasoft Ltd.,India,Information Technology,Information Technology,Medium,1.33,0.35644390695794254,0.03672188629827966,0.03804162905298011,-0.895786007588318,0.5910228511679448,305.54998779296875,2026-08-18,Down,0.5039154671312926,random_forest
PVRINOX.NS,PVRINOX,PVR INOX Ltd.,India,Media Entertainment & Publication,Media Entertainment & Publication,Medium,1.33,0.3095291314596068,0.02794754032743506,0.03236171513056582,-0.36494854061995924,0.5122413722948096,1198.0999755859375,2026-08-18,Down,0.5371765840867135,random_forest
SYF,SYF,Synchrony Financial,US,Financials,Consumer Finance,Medium,1.33,0.37724216972265734,0.03190144384541349,0.03766372007175614,0.8456214427546305,0.3774689183277509,81.41999816894531,2026-08-18,Up,0.501940879837483,random_forest
SNPS,SNPS,Synopsys,US,Information Technology,Application Software,Medium,1.33,0.4925128828590162,0.042834507102810976,0.05114018190612924,-0.13644891126342534,0.4230572547334286,407.510009765625,2026-08-18,Down,0.5160386533472128,random_forest
PTCIL.NS,PTCIL,PTC Industries Ltd.,India,Capital Goods,Capital Goods,Medium,1.33,0.40094933447664427,0.03734595638711579,0.040476838322365316,0.5714482135472286,0.41682310884456336,19791.0,2026-08-18,Down,0.5111909755540156,random_forest
GROWW.NS,GROWW,Billionbrains Garage Ventures Ltd.,India,Financial Services,Financial Services,Medium,1.33,0.5174189559124468,0.04286009124030127,0.05106618854049671,1.163026540483289,0.24288819762560424,193.80999755859375,2026-08-18,Down,0.51058636550269,random_forest
PINELABS.NS,PINELABS,Pine Labs Ltd.,India,Financial Services,Financial Services,Medium,1.33,0.47216000829067206,0.04134904153814444,0.05083952704069139,-1.10741409982416,0.45019728655195823,160.32000732421875,2026-08-18,Down,0.513551020467918,random_forest
BIKAJI.NS,BIKAJI,Bikaji Foods International Ltd.,India,Fast Moving Consumer Goods,Fast Moving Consumer Goods,Medium,1.33,0.31388031352173296,0.02822827080070608,0.033046975019164634,-0.548084483820516,0.4189741132413602,608.6500244140625,2026-08-18,Down,0.5233343699838152,random_forest
CAPLIPOINT.NS,CAPLIPOINT,Caplin Point Laboratories Ltd.,India,Healthcare,Healthcare,Medium,1.33,0.40076722916092006,0.03812308559607504,0.04056436011461036,0.504809970985435,0.4196821413366165,2529.699951171875,2026-08-18,Down,0.5089154074740949,random_forest
AARTIIND.NS,AARTIIND,Aarti Industries Ltd.,India,Chemicals,Chemicals,Medium,1.33,0.36300582375452906,0.03731989908914943,0.0376555384786753,-0.13956482208455892,0.4679571944392312,530.0999755859375,2026-08-18,Down,0.5302440510420672,random_forest
ACE.NS,ACE,Action Construction Equipment Ltd.,India,Capital Goods,Capital Goods,Medium,1.33,0.3799539164877249,0.03604041028740012,0.039283990901719,-0.04868249786997246,0.5188180885041147,1184.800048828125,2026-08-18,Down,0.5119341954966681,random_forest
ADANIENSOL.NS,ADANIENSOL,Adani Energy Solutions Ltd.,India,Power,Power,Medium,1.33,0.445924822263016,0.03705014328185159,0.04504119622297124,0.5679644096462619,0.45381399521285504,1603.0,2026-08-18,Down,0.5249122474924062,random_forest
ABB.NS,ABB,ABB India Ltd.,India,Capital Goods,Capital Goods,Medium,1.33,0.31301755365270983,0.029952208213443805,0.03226135977762866,0.010907949471995351,0.4615553877965577,7546.0,2026-08-18,Down,0.5251740016044566,random_forest
ADANIENT.NS,ADANIENT,Adani Enterprises Ltd.,India,Metals & Mining,Metals & Mining,Medium,1.33,0.3772803888466749,0.03163190160290105,0.038867296135949574,0.04426641017098583,0.44770351920555734,3002.5,2026-08-18,Down,0.5227733941599275,random_forest
NCC.NS,NCC,NCC Ltd.,India,Construction,Construction,Medium,1.33,0.34219758960090396,0.03502077058322392,0.03685666977087038,-1.147514696260034,0.5942735216064301,140.3800048828125,2026-08-18,Down,0.5177726074819955,random_forest
ADANIPOWER.NS,ADANIPOWER,Adani Power Ltd.,India,Power,Power,Medium,1.33,0.4376053083057424,0.031046130520346753,0.0441996060786609,0.566988789097702,0.3720946727996639,205.5800018310547,2026-08-18,Down,0.5129899025301135,random_forest
ATGL.NS,ATGL,Adani Total Gas Ltd.,India,Oil Gas & Consumable Fuels,Oil Gas & Consumable Fuels,Medium,1.33,0.4626476049150625,0.03496622717669283,0.048091349731777366,-0.17014382630036087,0.45629700041618115,647.2999877929688,2026-08-18,Down,0.5288811010822021,random_forest
ABCAPITAL.NS,ABCAPITAL,Aditya Birla Capital Ltd.,India,Financial Services,Financial Services,Medium,1.33,0.3287180177482264,0.03133737086516339,0.03257445848165891,1.0175046793432676,0.370656496746435,402.0,2026-08-18,Down,0.521536768614419,random_forest
ABREL.NS,ABREL,Aditya Birla Real Estate Ltd.,India,Realty,Realty,Medium,1.33,0.4222291788181979,0.04076544966336484,0.04424987546177068,-0.3932471383510998,0.6410239139863372,1390.800048828125,2026-08-18,Down,0.5212052398683769,random_forest
AEGISLOG.NS,AEGISLOG,Aegis Logistics Ltd.,India,Oil Gas & Consumable Fuels,Oil Gas & Consumable Fuels,Medium,1.33,0.4902457490193396,0.041949054050960034,0.04917004283858842,0.7548755275075346,0.38358741758497317,1367.699951171875,2026-08-18,Down,0.5050506080227282,random_forest
AEGISVOPAK.NS,AEGISVOPAK,Aegis Vopak Terminals Ltd.,India,Oil Gas & Consumable Fuels,Oil Gas & Consumable Fuels,Medium,1.33,0.46653522383412227,0.04499411533844775,0.04749433762725388,0.37133525088402625,0.44898934747146885,274.79998779296875,2026-08-18,Down,0.5020888592692788,random_forest
AFCONS.NS,AFCONS,Afcons Infrastructure Ltd.,India,Construction,Construction,Medium,1.33,0.3498420991959989,0.03370037291886072,0.037159752694594546,-0.7701932434748467,0.5119150592803398,280.25,2026-08-18,Down,0.5162726727863788,random_forest
AFFLE.NS,AFFLE,Affle 3i Ltd.,India,Information Technology,Information Technology,Medium,1.33,0.34110460931006836,0.03145926277407449,0.03495040710729315,0.17344343586815097,0.40899986955359235,1711.300048828125,2026-08-18,Down,0.5172459163133869,random_forest
ADANIGREEN.NS,ADANIGREEN,Adani Green Energy Ltd.,India,Power,Power,Medium,1.33,0.4849386724141265,0.0396085100240831,0.05053233773180493,-0.23054081217599492,0.628818444534607,1308.0,2026-08-18,Down,0.5195855180042315,random_forest
360ONE.NS,360ONE,360 ONE WAM Ltd.,India,Financial Services,Financial Services,Medium,1.33,0.35935742002308085,0.035350172229284764,0.03682902754961341,0.1735140427863607,0.3766718695754842,1163.5999755859375,2026-08-18,Down,0.5285149298691705,random_forest
ZTS,ZTS,Zoetis,US,Health Care,Pharmaceuticals,Medium,1.33,0.3184276584009354,0.029796823367589566,0.03456446705634822,-1.368298543239176,0.6253156341596797,73.45999908447266,2026-08-18,Up,0.5065870795624849,random_forest
MOTILALOFS.NS,MOTILALOFS,Motilal Oswal Financial Services Ltd.,India,Financial Services,Financial Services,Medium,1.33,0.46102415845688727,0.03984018861621777,0.04653122150705738,0.5900894146788357,0.44637885818035106,938.0,2026-08-18,Down,0.5225335383160452,random_forest
ZBRA,ZBRA,Zebra Technologies,US,Information Technology,Electronic Equipment & Instruments,Medium,1.33,0.45964331257192187,0.034720409193488566,0.047119104089272876,0.19111224257905732,0.5267269597386233,364.0409851074219,2026-08-18,Down,0.5088069091116564,random_forest
UPS,UPS,United Parcel Service,US,Industrials,Air Freight & Logistics,Medium,1.33,0.3058685654639707,0.027510160673529554,0.03172216526672422,-0.15489516887520152,0.3692891504990472,102.04000091552734,2026-08-18,Up,0.50843524857708,random_forest
ANGELONE.NS,ANGELONE,Angel One Ltd.,India,Financial Services,Financial Services,Medium,1.33,0.4667705157249658,0.039978357452877145,0.04742656461424912,0.4208996295011677,0.4285098288122396,291.75,2026-08-18,Down,0.5208704594010933,random_forest
ABLBL.NS,ABLBL,Aditya Birla Lifestyle Brands Ltd.,India,Consumer Services,Consumer Services,Medium,1.33,0.34619618892489995,0.03512400769344022,0.03751194810413842,-1.3096577131968004,0.4658230557873508,88.72000122070312,2026-08-18,Down,0.5084298668163969,random_forest
NBCC.NS,NBCC,NBCC (India) Ltd.,India,Construction,Construction,Medium,1.33,0.39515151688259503,0.03893718834506797,0.04127350967441227,-0.3113428947958396,0.43599167774569847,88.0,2026-08-18,Down,0.506227712253874,random_forest
SW,SW,Smurfit Westrock,US,Materials,Paper & Plastic Packaging Products & Materials,Medium,1.33,0.4168307931432407,0.038671496070364644,0.042537616406984356,0.29865910496650394,0.4051707933751871,47.720001220703125,2026-08-18,Up,0.5219553202461629,random_forest
RVTY,RVTY,Revvity,US,Health Care,Health Care Equipment,Medium,1.33,0.3692767184034986,0.036324664148150665,0.03806492801014379,0.026841230711344984,0.3529958037779209,115.4000015258789,2026-08-18,Up,0.5040344955899374,random_forest
RCL,RCL,Royal Caribbean Group,US,Consumer Discretionary,"Hotels, Resorts & Cruise Lines",Medium,1.33,0.4517349521579369,0.04015776028640595,0.04511793033047266,0.8536911706728015,0.3502262728387113,298.8599853515625,2026-08-18,Down,0.5057362478699997,random_forest
LINDEINDIA.NS,LINDEINDIA,Linde India Ltd.,India,Chemicals,Chemicals,Medium,1.33,0.3228934964773455,0.028889995172925117,0.033447764645062765,-0.11671500309673452,0.36155374787153766,6725.5,2026-08-18,Down,0.5235723113456237,random_forest
AWL.NS,AWL,AWL Agri Business Ltd.,India,Fast Moving Consumer Goods,Fast Moving Consumer Goods,Medium,1.33,0.3451074086301983,0.03016490561955268,0.03679121566161931,-0.8698837859415184,0.5621902776792583,190.0399932861328,2026-08-18,Up,0.5023975882993557,random_forest
CRM,CRM,Salesforce,US,Information Technology,Application Software,Medium,1.33,0.3714070427763658,0.03766525161907078,0.03877508249231031,-0.30538374330577794,0.58669594921647,197.4694976806641,2026-08-18,Up,0.5072641950248503,random_forest
CGPOWER.NS,CGPOWER,CG Power and Industrial Solutions Ltd.,India,Capital Goods,Capital Goods,Medium,1.33,0.3598957766752342,0.03567401704754985,0.03656699682058208,0.39578809322487996,0.38040440379527185,894.2000122070312,2026-08-18,Down,0.5274095817588409,random_forest
CESC.NS,CESC,CESC Ltd.,India,Power,Power,Medium,1.33,0.32254634205850785,0.029489199250918134,0.03315856746338273,0.08100089180746087,0.3961160781692138,167.97999572753906,2026-08-18,Down,0.5188685723566777,random_forest
MAPMYINDIA.NS,MAPMYINDIA,C.E. Info Systems Ltd.,India,Information Technology,Information Technology,Medium,1.33,0.4058747405120952,0.0384321331192702,0.04333658280846536,-0.8941807045625487,0.6452155874237462,1012.5999755859376,2026-08-18,Down,0.502447728350641,random_forest
SWKS,SWKS,Skyworks Solutions,US,Information Technology,Semiconductors,Medium,1.33,0.481600288162663,0.04449198391427363,0.0502771677649479,-0.27961918960808824,0.542711514680834,65.72000122070312,2026-08-18,Up,0.5390550861775331,random_forest
BRIGADE.NS,BRIGADE,Brigade Enterprises Ltd.,India,Realty,Realty,Medium,1.33,0.34970841892936794,0.034653251807494775,0.03674076454104602,-0.47854599747179755,0.5553695120322913,588.9000244140625,2026-08-18,Down,0.5252381919583498,random_forest
SIEMENS.NS,SIEMENS,Siemens Ltd.,India,Capital Goods,Capital Goods,Medium,1.33,0.3219242694224616,0.0338354190566412,0.03323849291343536,-0.03186389493902494,0.41903197002578346,3957.0,2026-08-18,Down,0.5344416579001084,random_forest
BALRAMCHIN.NS,BALRAMCHIN,Balrampur Chini Mills Ltd.,India,Fast Moving Consumer Goods,Fast Moving Consumer Goods,Medium,1.33,0.36943183957087294,0.03401078355508362,0.037574127846208734,0.3725826376588049,0.407597701016742,653.25,2026-08-18,Down,0.5141788087765395,random_forest
ULTA,ULTA,Ulta Beauty,US,Consumer Discretionary,Other Specialty Retail,Medium,1.33,0.36553352122746835,0.030955986380085825,0.03697667094463068,0.5099753772508376,0.36228460523296885,517.9500122070312,2026-08-18,Down,0.5137272357130994,random_forest
OLECTRA.NS,OLECTRA,Olectra Greentech Ltd.,India,Automobile and Auto Components,Automobile and Auto Components,Medium,1.33,0.4531425691029618,0.04115629698736767,0.04694806583603754,-0.08561848618164261,0.49736793397294476,1324.0999755859375,2026-08-18,Down,0.5161854925518693,random_forest
APARINDS.NS,APARINDS,Apar Industries Ltd.,India,Capital Goods,Capital Goods,Medium,1.33,0.48324516896626174,0.04085566791535046,0.0481357730652374,0.9268932029988963,0.587065002547645,17214.0,2026-08-18,Down,0.5088760263681044,random_forest
ACMESOLAR.NS,ACMESOLAR,ACME Solar Holdings Ltd.,India,Power,Power,Medium,1.33,0.45638002254020055,0.03956136551539651,0.04599743391984755,0.6251276954382587,0.3810964695694745,371.75,2026-08-18,Down,0.5148317785096965,random_forest
CRISIL.NS,CRISIL,CRISIL Ltd.,India,Financial Services,Financial Services,Medium,1.33,0.31543047283113984,0.02864886364856375,0.032503519702020776,0.017101692402944933,0.43165165395094834,4442.5,2026-08-18,Down,0.5222563203571617,random_forest
APTUS.NS,APTUS,Aptus Value Housing Finance India Ltd.,India,Financial Services,Financial Services,Medium,1.33,0.32236878618706705,0.031477760983999306,0.033479518010768,-0.1842275165250454,0.49016228931514694,257.0,2026-08-18,Down,0.5070404145748997,random_forest
NATCOPHARM.NS,NATCOPHARM,NATCO Pharma Ltd.,India,Healthcare,Healthcare,Medium,1.33,0.3886436545465743,0.034277945373850864,0.04091187885249764,-0.5193060917978174,0.53001398751675,898.3499755859375,2026-08-18,Down,0.5148383250530323,random_forest
JCI,JCI,Johnson Controls,US,Industrials,Building Products,Medium,1.0,0.301278269553167,0.02677460585870889,0.02947396675080563,1.3253864503999917,0.21126267331475762,150.3350067138672,2026-08-18,Up,0.5067320862918951,random_forest
STARHEALTH.NS,STARHEALTH,Star Health and Allied Insurance Company Ltd.,India,Financial Services,Financial Services,Medium,1.0,0.25879143803400967,0.0252081771739518,0.026692095875920814,-0.03494063075725313,0.46201488654877987,583.9000244140625,2026-08-18,Down,0.523317736809303,random_forest
CPRT,CPRT,Copart,US,Industrials,Diversified Support Services,Medium,1.0,0.2778009760068026,0.02570211776105502,0.02956410671404127,-0.8510640509914614,0.5744047617269226,32.380001068115234,2026-08-18,Up,0.5007016973246641,random_forest
IDXX,IDXX,Idexx Laboratories,US,Health Care,Health Care Equipment,Medium,1.0,0.37665800249574977,0.031524832914248166,0.03854122174788593,0.21935101115538586,0.3133510624112103,554.510009765625,2026-08-18,Down,0.515241026735358,random_forest
ETN,ETN,Eaton Corporation,US,Industrials,Electrical Components & Equipment,Medium,1.0,0.3708322159843949,0.03723892510590453,0.03731840942383873,0.6435538461156377,0.34460969805372477,438.9775085449219,2026-08-18,Up,0.5032897899454191,random_forest
CRH,CRH,CRH plc,US,Materials,Construction Materials,Medium,1.0,0.32207311085755225,0.033653363654227095,0.03290244004022634,0.24315596371405282,0.272803969145053,94.4800033569336,2026-08-18,Up,0.5183026819668666,random_forest
AJANTPHARM.NS,AJANTPHARM,Ajanta Pharmaceuticals Ltd.,India,Healthcare,Healthcare,Medium,1.0,0.314701211258261,0.032978321038463404,0.03188417389367131,0.4525804421322187,0.30074136183305755,3706.39990234375,2026-08-18,Down,0.5356584307033861,random_forest
CPAY,CPAY,Corpay,US,Financials,Transaction & Payment Processing Services,Medium,1.0,0.36246697714171205,0.032898139460375384,0.036636973067095284,0.5295535825134791,0.3453985162604523,410.1000061035156,2026-08-18,Down,0.5119481553649141,random_forest
SOLARINDS.NS,SOLARINDS,Solar Industries India Ltd.,India,Chemicals,Chemicals,Medium,1.0,0.3334184205379978,0.03059696048885135,0.032981619520300015,1.0635312017947862,0.33065987900618127,20280.0,2026-08-18,Down,0.519745538380186,random_forest
HUBB,HUBB,Hubbell Incorporated,US,Industrials,Industrial Machinery & Supplies & Components,Medium,1.0,0.3182941382627452,0.030728778055942547,0.03218958680589572,0.500415578645314,0.32646750948258746,492.2200012207031,2026-08-18,Up,0.5007693426841385,random_forest
CMI,CMI,Cummins,US,Industrials,Construction Machinery & Heavy Transportation Equipment,Medium,1.0,0.333279013140952,0.030624872590891517,0.032763532509253915,1.217954638651904,0.30481320006709783,628.8049926757812,2026-08-18,Down,0.5105560480492506,random_forest
TMUS,TMUS,T-Mobile US,US,Communication Services,Wireless Telecommunication Services,Medium,1.0,0.2860870716737689,0.02903431191530605,0.02957792787743894,-0.08231448271266083,0.3713248822558829,182.05999755859375,2026-08-18,Up,0.5047792142542761,random_forest
CVS,CVS,CVS Health,US,Health Care,Health Care Services,Medium,1.0,0.34612651763721836,0.03131030193852163,0.03453164882837602,0.854651953755764,0.3437907951971047,94.12000274658205,2026-08-18,Up,0.5426734878666882,random_forest
SAIL.NS,SAIL,Steel Authority of India Ltd.,India,Metals & Mining,Metals & Mining,Medium,1.0,0.3519531777974002,0.03361996326392029,0.035664392334604486,0.4617309454494227,0.29244485160712685,170.1999969482422,2026-08-18,Up,0.5068377887089524,random_forest
DPZ,DPZ,Domino's,US,Consumer Discretionary,Restaurants,Medium,1.0,0.28456301261935657,0.026223005342272242,0.02974511578914073,-0.37065793140830655,0.4179045957052489,339.19000244140625,2026-08-18,Down,0.5112782730349157,random_forest
SUNTV.NS,SUNTV,Sun TV Network Ltd.,India,Media Entertainment & Publication,Media Entertainment & Publication,Medium,1.0,0.29693143876769157,0.029607349664049053,0.031534796757014504,-0.7864447636315754,0.4161024978489539,482.7999877929687,2026-08-18,Down,0.5328910881747682,random_forest
PCG,PCG,PG&E Corporation,US,Utilities,Multi-Utilities,Medium,1.0,0.27669727601957966,0.02666726781071288,0.02856610580370644,-0.04969030446715145,0.3962704797367394,17.844999313354492,2026-08-18,Up,0.5165695880701636,random_forest
TMCV.NS,TMCV,Tata Motors Ltd.,India,Capital Goods,Capital Goods,Medium,1.0,0.3949926819056851,0.03566706564495259,0.03869237808216514,1.324759140037096,0.29081731591123816,471.6499938964844,2026-08-18,Down,0.5352235537313716,random_forest
PSX,PSX,Phillips 66,US,Energy,Oil & Gas Refining & Marketing,Medium,1.0,0.3362753185860898,0.03172835464991231,0.03339456426933667,0.9668743277126661,0.32622563517918696,239.3300018310547,2026-08-18,Down,0.506567203650242,random_forest
WAT,WAT,Waters Corporation,US,Health Care,Life Sciences Tools & Services,Medium,1.0,0.38224455859273276,0.03033777163171844,0.03897312620259438,0.31302553753226625,0.33445168224420047,404.5400085449219,2026-08-18,Down,0.5197365977405681,random_forest
TPR,TPR,"Tapestry, Inc.",US,Consumer Discretionary,"Apparel, Accessories & Luxury Goods",Medium,1.0,0.43137357282416383,0.03269038094912051,0.041849767634990556,1.5706994635415417,0.3177661720118174,134.44000244140625,2026-08-18,Up,0.5103975143348158,random_forest
TRGP,TRGP,Targa Resources,US,Energy,Oil & Gas Storage & Transportation,Medium,1.0,0.3275834562428345,0.030425159186646126,0.03221014488024044,1.210849728189364,0.3161160003984065,295.5899963378906,2026-08-18,Up,0.5024691950423636,random_forest
INCY,INCY,Incyte,US,Health Care,Biotechnology,Medium,1.0,0.3477559833615886,0.030308271200699604,0.034445077564832303,1.0357292290871,0.3383305350650663,124.0,2026-08-18,Up,0.5072366060094748,random_forest
AUBANK.NS,AUBANK,AU Small Finance Bank Ltd.,India,Financial Services,Financial Services,Medium,1.0,0.31076023655725754,0.030321096243810228,0.030885515621878912,0.9370109816647552,0.34644520687862057,1075.699951171875,2026-08-18,Down,0.5323399134909697,random_forest
KEYS,KEYS,Keysight Technologies,US,Information Technology,Electronic Equipment & Instruments,Medium,1.0,0.3959767247559367,0.03203546828246948,0.038910210794195974,1.2477271317373924,0.3138134286410709,342.6700134277344,2026-08-18,Down,0.5097378944446118,random_forest
SHYAMMETL.NS,SHYAMMETL,Shyam Metalics and Energy Ltd.,India,Capital Goods,Capital Goods,Medium,1.0,0.31512889694166946,0.0313120931909726,0.03177794211449942,0.5723544484292006,0.26273780437272776,990.5999755859376,2026-08-18,Down,0.5210310320113707,random_forest
EBAY,EBAY,eBay Inc.,US,Consumer Discretionary,Broadline Retail,Medium,1.0,0.34820890352660727,0.030603343774633647,0.03458743664624998,0.9653195326110998,0.2067085407290565,102.6999969482422,2026-08-18,Up,0.5077578366401179,random_forest
GRMN,GRMN,Garmin,US,Consumer Discretionary,Consumer Electronics,Medium,1.0,0.3777809730442697,0.027686303563857262,0.037753115892084056,0.8220243132906621,0.2797473746770837,297.2449951171875,2026-08-18,Up,0.5020521703769619,random_forest
PIIND.NS,PIIND,PI Industries Ltd.,India,Chemicals,Chemicals,Medium,1.0,0.26807991278377763,0.02616134142004663,0.028696639755524254,-1.0133313622860967,0.4725208776315318,2515.0,2026-08-18,Down,0.5044575685508685,random_forest
MNST,MNST,Monster Beverage,US,Consumer Staples,Soft Drinks & Non-alcoholic Beverages,Medium,1.0,0.43329116560537606,0.02300598583948616,0.0443909653831786,0.20135913829834276,0.5445267225758618,46.64500045776367,2026-08-18,Down,0.5024591993254746,random_forest
CDNS,CDNS,Cadence Design Systems,US,Information Technology,Application Software,Medium,1.0,0.40242957273805174,0.03511313543575495,0.04110754228323773,0.27044543782869473,0.2884805765425039,322.760009765625,2026-08-18,Down,0.5149663966323729,random_forest
COP,COP,ConocoPhillips,US,Energy,Oil & Gas Exploration & Production,Medium,1.0,0.3216334885519731,0.03229826019489355,0.0327094761133411,0.3589856995693258,0.2685399401670951,128.80999755859375,2026-08-18,Up,0.5061138260851231,random_forest
SHRIRAMFIN.NS,SHRIRAMFIN,Shriram Finance Ltd.,India,Financial Services,Financial Services,Medium,1.0,0.3547906660865276,0.031662964751890586,0.03527761187495784,0.9415881651848536,0.29004557845253937,1108.4000244140625,2026-08-18,Down,0.5287814460066889,random_forest
BKNG,BKNG,Booking Holdings,US,Consumer Discretionary,"Hotels, Resorts & Cruise Lines",Medium,1.0,0.31884192251630117,0.02856253847475794,0.03211080294610444,0.6066837247742151,0.33353781042473335,209.27000427246097,2026-08-18,Up,0.5005386226924526,random_forest
GS,GS,Goldman Sachs,US,Financials,Investment Banking & Brokerage,Medium,1.0,0.3256703542880812,0.02739048231320898,0.03200962265397546,1.2197378942666464,0.30895735224971993,1037.300048828125,2026-08-18,Down,0.5186173870863036,random_forest
GPC,GPC,Genuine Parts Company,US,Consumer Discretionary,Distributors,Medium,1.0,0.33094611710251054,0.02391973549489322,0.03400854917414476,0.09445558115016268,0.37480210966222127,133.52999877929688,2026-08-18,Up,0.5057042687333915,random_forest
GM,GM,General Motors,US,Consumer Discretionary,Automobile Manufacturers,Medium,1.0,0.3599971093245889,0.033324959248527984,0.035789996201875826,0.9469313269684825,0.29095995597202845,84.0,2026-08-18,Up,0.5383987578163056,random_forest
GIS,GIS,General Mills,US,Consumer Staples,Packaged Foods & Meats,Medium,1.0,0.2456551128302413,0.027348904619816553,0.02633406997722218,-1.0658258681313186,0.5344943255521426,38.310001373291016,2026-08-18,Up,0.5103080884873797,random_forest
GE,GE,GE Aerospace,US,Industrials,Aerospace & Defense,Medium,1.0,0.3244702783784352,0.033510941383214664,0.03183647265163366,1.2621519681185258,0.21364249840552277,370.4500122070313,2026-08-18,Down,0.5085532942776763,random_forest
BEN,BEN,Franklin Resources,US,Financials,Asset Management & Custody Banks,Medium,1.0,0.3134876771173047,0.027583587886112423,0.0312566063471511,0.8577298925774481,0.24394950361264844,33.95000076293945,2026-08-18,Up,0.5196168899129698,random_forest
HAS,HAS,Hasbro,US,Consumer Discretionary,Leisure Products,Medium,1.0,0.3318600278592197,0.02631284946584153,0.03328727331012302,0.7138086857600616,0.2891586960503567,95.47000122070312,2026-08-18,Up,0.503803797250621,random_forest
FOX,FOX,Fox Corporation (Class B),US,Communication Services,Broadcasting,Medium,1.0,0.3093558769758582,0.02679968745013118,0.030773807248635203,0.9137265937184228,0.3413730621239867,62.04999923706055,2026-08-18,Down,0.5034486022116627,random_forest
EIX,EIX,Edison International,US,Utilities,Electric Utilities,Medium,1.0,0.2963190256240646,0.02756039680617929,0.030591598919255312,-0.03990694737038195,0.43882535324072647,73.1500015258789,2026-08-18,Up,0.5239200266823194,random_forest
F,F,Ford Motor Company,US,Consumer Discretionary,Automobile Manufacturers,Medium,1.0,0.3504866938616671,0.028907565154170943,0.035304315025494144,0.6133055619464514,0.23394498506237718,13.979999542236328,2026-08-18,Up,0.5223563909923694,random_forest
FERG,FERG,Ferguson Enterprises,US,Industrials,Building Products,Medium,1.0,0.32949569871346307,0.029119753944116696,0.03354120245657591,0.337360565724965,0.32918976386982896,242.7550048828125,2026-08-18,Up,0.5049094419364146,random_forest
FDX,FDX,FedEx,US,Industrials,Air Freight & Logistics,Medium,1.0,0.32089229737724606,0.026728459521042247,0.032237495230268004,0.6701550182780414,0.34413786660891793,333.2049865722656,2026-08-18,Down,0.511055792918428,random_forest
EMR,EMR,Emerson Electric,US,Industrials,Electrical Components & Equipment,Medium,1.0,0.31288711341738445,0.030736279035505586,0.03130744496719921,0.7683121005893664,0.2961481743017052,159.02999877929688,2026-08-18,Up,0.5093950646849816,random_forest
FFIV,FFIV,"F5, Inc.",US,Information Technology,Communications Equipment,Medium,1.0,0.32207053990698425,0.030788529541820892,0.03175903858135461,1.1375894072348283,0.34729143943594454,396.2749938964844,2026-08-18,Down,0.5143191665244885,random_forest
EQT,EQT,EQT Corporation,US,Energy,Oil & Gas Exploration & Production,Medium,1.0,0.3497058304742695,0.03349075047489954,0.03501225334237469,0.7668321393543401,0.27885100339624946,53.595001220703125,2026-08-18,Up,0.5077096044604311,random_forest
EXE,EXE,Expand Energy,US,Energy,Oil & Gas Exploration & Production,Medium,1.0,0.30540590521626576,0.028446874639968214,0.030852159857165433,0.5231829632661802,0.28429078297136434,95.11000061035156,2026-08-18,Up,0.5063555165940947,random_forest
TATACHEM.NS,TATACHEM,Tata Chemicals Ltd.,India,Chemicals,Chemicals,Medium,1.0,0.28869365274536835,0.028808990525628804,0.030653224467203113,-0.7844397652883883,0.5037778971268452,653.0,2026-08-18,Down,0.5282300416408032,random_forest
SUNDARMFIN.NS,SUNDARMFIN,Sundaram Finance Ltd.,India,Financial Services,Financial Services,Medium,1.0,0.3608872373043996,0.033408058517095614,0.03686569475130621,0.2578613021221237,0.2709665822175663,4619.60009765625,2026-08-18,Down,0.5203375660247562,random_forest
TEL,TEL,TE Connectivity,US,Information Technology,Electronic Manufacturing Services,Medium,1.0,0.31801332219605416,0.032149483880991286,0.032019122242046914,0.6128798563915164,0.21957449708897298,210.8999938964844,2026-08-18,Up,0.5190431603689545,random_forest
STLD,STLD,Steel Dynamics,US,Materials,Steel,Medium,1.0,0.3697955647714817,0.032357636529596764,0.036435241133713034,1.1740017966848562,0.28656510045910843,252.44000244140625,2026-08-18,Up,0.5071063347547189,random_forest
ADI,ADI,Analog Devices,US,Information Technology,Semiconductors,Medium,1.0,0.3788469195995019,0.03139652218830153,0.037880763011533404,0.8082717406169084,0.3219745692856239,377.9200134277344,2026-08-18,Down,0.5100840239498987,random_forest
UNIONBANK.NS,UNIONBANK,Union Bank of India,India,Financial Services,Financial Services,Medium,1.0,0.3373238538061704,0.031689007899236316,0.0337318316701201,0.7930750857897254,0.21802594794831182,185.5,2026-08-18,Down,0.5182200662204046,random_forest
USHAMART.NS,USHAMART,Usha Martin Ltd.,India,Capital Goods,Capital Goods,Medium,1.0,0.37279077133622024,0.0332246617502765,0.037430556424529283,0.70154571208303,0.3438811818459001,498.7999877929687,2026-08-18,Down,0.5222360141465812,random_forest
POONAWALLA.NS,POONAWALLA,Poonawalla Fincorp Ltd.,India,Financial Services,Financial Services,Medium,1.0,0.3862754752049595,0.03183688561531875,0.039138881093521795,0.47410287777268256,0.32636245646486856,497.8999938964844,2026-08-18,Down,0.5259657442836674,random_forest
PWR,PWR,Quanta Services,US,Industrials,Construction & Engineering,Medium,1.0,0.4120939479384397,0.03909394764319023,0.040402745748897545,1.307451394115928,0.33885433649835073,711.260009765625,2026-08-18,Up,0.5018068390414208,random_forest
ABSLAMC.NS,ABSLAMC,Aditya Birla Sun Life AMC Ltd.,India,Financial Services,Financial Services,Medium,1.0,0.36757466183201565,0.03285994930474916,0.03701684284778312,0.6245982533238091,0.33084320461964706,1013.2999877929688,2026-08-18,Down,0.5317539010319747,random_forest
BKR,BKR,Baker Hughes,US,Energy,Oil & Gas Equipment & Services,Medium,1.0,0.3460446789410971,0.033130465015161606,0.03432420766712586,0.9997436407711886,0.28002827949551945,64.58000183105469,2026-08-18,Up,0.5034807132469088,random_forest
RMD,RMD,ResMed|,US,Health Care,Health Care Equipment,Medium,1.0,0.286120444423909,0.027708270812991587,0.029529977761135803,-0.037027329797314205,0.3728065252914931,222.4499969482422,2026-08-18,Up,0.5004852038048466,random_forest
VTL.NS,VTL,Vardhman Textiles Ltd.,India,Textiles,Textiles,Medium,1.0,0.36907118719084886,0.03337483108024686,0.03753890734689467,0.37147948225958843,0.3466881494232938,598.9000244140625,2026-08-18,Down,0.5294427340856309,random_forest
ROK,ROK,Rockwell Automation,US,Industrials,Electrical Components & Equipment,Medium,1.0,0.3291359861915714,0.0264107929620898,0.03282321640873737,0.8589118497685657,0.27775589158488395,438.4100036621094,2026-08-18,Up,0.5105897340538756,random_forest
VIJAYA.NS,VIJAYA,Vijaya Diagnostic Centre Ltd.,India,Healthcare,Healthcare,Medium,1.0,0.42579168119116984,0.037638793830485816,0.04257622316056856,0.8190421279375767,0.30493240105914104,1497.300048828125,2026-08-18,Down,0.5301240371748954,random_forest
PHOENIXLTD.NS,PHOENIXLTD,Phoenix Mills Ltd.,India,Realty,Realty,Medium,1.0,0.34655143612830097,0.03326247434569789,0.035452192841805875,0.21623272862805265,0.25826396728166534,1940.0,2026-08-18,Down,0.5262126922736297,random_forest
SBAC,SBAC,SBA Communications,US,Real Estate,Telecom Tower REITs,Medium,1.0,0.30286148328043366,0.02918190482422391,0.03147566890463239,-0.21058844885316916,0.31622411874519657,182.75,2026-08-18,Up,0.5043750708694156,random_forest
SLB,SLB,Schlumberger,US,Energy,Oil & Gas Equipment & Services,Medium,1.0,0.3608072826062432,0.035383509318387775,0.036670093130389124,0.3887469896081139,0.2898350333153611,53.95000076293945,2026-08-18,Up,0.5040727275819082,random_forest
NLCINDIA.NS,NLCINDIA,NLC India Ltd.,India,Power,Power,Medium,1.0,0.38187138716604374,0.03284482688630132,0.03910207534685512,0.20272048993504624,0.3240754932805738,276.6499938964844,2026-08-18,Down,0.5061371369183358,random_forest
AJG,AJG,Arthur J. Gallagher & Co.,US,Financials,Insurance Brokers,Medium,1.0,0.26861247198791177,0.02725967627449166,0.027895909366459085,-0.2083445440593798,0.444041616569315,253.4774932861328,2026-08-18,Up,0.5200464494990156,random_forest
AADHARHFC.NS,AADHARHFC,Aadhar Housing Finance Ltd.,India,Financial Services,Financial Services,Medium,1.0,0.3144894964257446,0.029015516638834535,0.03196524023786134,0.3703486403382966,0.286609883067668,487.3999938964844,2026-08-18,Down,0.5247464563777917,random_forest
SBUX,SBUX,Starbucks,US,Consumer Discretionary,Restaurants,Medium,1.0,0.30347551234435255,0.02659055296398449,0.030844259069606823,0.3669792299535226,0.3132398564762414,108.1500015258789,2026-08-18,Down,0.5002977995928204,random_forest
LUV,LUV,Southwest Airlines,US,Industrials,Passenger Airlines,Medium,1.0,0.42619324088217525,0.037473572127330865,0.042780021503227114,0.7223703591328646,0.334913174616605,42.7400016784668,2026-08-18,Up,0.5345583140573418,random_forest
SOLV,SOLV,Solventum,US,Health Care,Health Care Technology,Medium,1.0,0.306919754553264,0.026908822305846524,0.030829168842408057,0.6682704039538494,0.27455302854371383,88.02999877929688,2026-08-18,Up,0.5036994050548579,random_forest
AAVAS.NS,AAVAS,Aavas Financiers Ltd.,India,Financial Services,Financial Services,Medium,1.0,0.2981511570429768,0.028209601180147988,0.031079071135335496,-0.29122462750683153,0.5163701758999943,1388.300048828125,2026-08-18,Down,0.530861761991001,random_forest
GOOG,GOOG,Alphabet Inc. (Class C),US,Communication Services,Interactive Media & Services,Medium,1.0,0.3155546053324697,0.027291053146965196,0.03107767006685847,1.1660414727794652,0.29350056025706106,339.760009765625,2026-08-18,Down,0.5134725884285319,random_forest
PERSISTENT.NS,PERSISTENT,Persistent Systems Ltd.,India,Information Technology,Information Technology,Medium,1.0,0.35763998495428223,0.03519363929862452,0.03655654076028873,0.24095702623477408,0.34975262330477475,5442.5,2026-08-18,Down,0.5191232452364906,random_forest
VMM.NS,VMM,Vishal Mega Mart Ltd.,India,Consumer Services,Consumer Services,Medium,1.0,0.3402810284238481,0.03116316498461157,0.0352146798403679,-0.08504468537273606,0.34926227267710375,103.70999908447266,2026-08-18,Down,0.5102303884201531,random_forest
CHRW,CHRW,C.H. Robinson,US,Industrials,Air Freight & Logistics,Medium,1.0,0.3850748308684131,0.026169083552507653,0.038807158515036765,0.6112528544635999,0.3090917595907887,144.69000244140625,2026-08-18,Up,0.5218442012315758,random_forest
CPPLUS.NS,CPPLUS,Aditya Infotech Ltd.,India,Capital Goods,Capital Goods,Medium,1.0,0.44963213631883175,0.034992408028658495,0.04181641540581888,2.5859289724116694,0.203728469657299,3342.0,2026-08-18,Down,0.5085205483577793,random_forest
PFIZER.NS,PFIZER,Pfizer Ltd.,India,Healthcare,Healthcare,Medium,1.0,0.26769699656122536,0.025200558164275404,0.027896380211398848,-0.29879601647448906,0.3805691530554958,4799.2998046875,2026-08-18,Down,0.5218789926591547,random_forest
TXN,TXN,Texas Instruments,US,Information Technology,Semiconductors,Medium,1.0,0.41438403768697957,0.03365489090279489,0.041863289814216595,0.5563264232495482,0.33411981014024233,274.3999938964844,2026-08-18,Up,0.5030043479003923,random_forest
PAGEIND.NS,PAGEIND,Page Industries Ltd.,India,Textiles,Textiles,Medium,1.0,0.24760155100506656,0.025294518984939902,0.02571998777910267,-0.22719139613249675,0.3828854461238362,36425.0,2026-08-18,Down,0.5305025899582966,random_forest
APH,APH,Amphenol,US,Information Technology,Electronic Components,Medium,1.0,0.40236713647885086,0.03605157799479146,0.039547383009400194,1.243553574271912,0.28189176907218316,161.8699951171875,2026-08-18,Up,0.531933543560607,random_forest
TKO,TKO,TKO Group Holdings,US,Communication Services,Movies & Entertainment,Medium,1.0,0.3228900923220789,0.032614109106120004,0.03220497567779418,0.8529447763738537,0.21118702046202106,194.7100067138672,2026-08-18,Up,0.5095850565165579,random_forest
WELCORP.NS,WELCORP,Welspun Corp Ltd.,India,Capital Goods,Capital Goods,Medium,1.0,0.3745345382074519,0.034861236364546716,0.03654405921709471,1.416315260095522,0.25254985865365426,1917.0999755859375,2026-08-18,Down,0.5357169961155619,random_forest
BA,BA,Boeing,US,Industrials,Aerospace & Defense,Medium,1.0,0.3595196137850999,0.03218770746377153,0.03654939469337765,0.3812201443670047,0.2666308921455537,224.6649932861328,2026-08-18,Up,0.5198160117067625,random_forest
ZYDUSWELL.NS,ZYDUSWELL,Zydus Wellness Ltd.,India,Fast Moving Consumer Goods,Fast Moving Consumer Goods,Medium,1.0,0.3451425363397489,0.030882645852497614,0.03528517854367174,0.23246987611943146,0.33612936112970593,496.6499938964844,2026-08-18,Up,0.5029952005703429,random_forest
UBER,UBER,Uber,US,Industrials,Passenger Ground Transportation,Medium,1.0,0.38216671245188966,0.03464080729086487,0.0392404907901777,0.13147082491578885,0.3412587068275155,76.82499694824219,2026-08-18,Down,0.5002897473081456,random_forest
PAYTM.NS,PAYTM,One 97 Communications Ltd.,India,Financial Services,Financial Services,Medium,1.0,0.4395252916993375,0.04155994801510305,0.0431714887978395,1.2680408155587524,0.34836910168376667,1546.300048828125,2026-08-18,Down,0.5244644265189571,random_forest
VLO,VLO,Valero Energy,US,Energy,Oil & Gas Refining & Marketing,Medium,1.0,0.37146798995442404,0.03201500056952357,0.03640581801900028,1.3062347063235087,0.2825099499286906,346.44000244140625,2026-08-18,Down,0.5166379479728096,random_forest
WIPRO.NS,WIPRO,Wipro Ltd.,India,Information Technology,Information Technology,Medium,1.0,0.26004432995786103,0.027959854718490298,0.027415205941429183,-0.6097095391008802,0.44223432114764005,178.05999755859375,2026-08-18,Up,0.5185171621466632,random_forest
VRSK,VRSK,Verisk Analytics,US,Industrials,Research & Consulting Services,Medium,1.0,0.2840182509574737,0.027682594705549346,0.030035636336346056,-0.6792208541417708,0.5081038287432096,180.72999572753903,2026-08-18,Up,0.5049948336577205,random_forest
NMDC.NS,NMDC,NMDC Ltd.,India,Metals & Mining,Metals & Mining,Medium,1.0,0.3080779253763719,0.03138692757149612,0.03128581791390435,0.3903918161193912,0.26503612046999037,84.19000244140625,2026-08-18,Up,0.506855574801801,random_forest
VRTX,VRTX,Vertex Pharmaceuticals,US,Health Care,Biotechnology,Medium,1.0,0.32414943191184675,0.02600344925951657,0.03323949237465742,0.14682157635134116,0.29066839131480365,521.22998046875,2026-08-18,Down,0.5175589017874851,random_forest
A,A,Agilent Technologies,US,Health Care,Life Sciences Tools & Services,Medium,1.0,0.3157656469884677,0.02755576750486552,0.03238063475913228,0.142869290689368,0.34796234405084875,148.60499572753906,2026-08-18,Down,0.5011982668023975,random_forest
AOS,AOS,A. O. Smith,US,Industrials,Building Products,Medium,1.0,0.2580468605963912,0.026170717392659668,0.027079822622276612,-0.4890248128259745,0.3620299559814782,61.11000061035156,2026-08-18,Up,0.5092818083242234,random_forest
ABNB,ABNB,Airbnb,US,Consumer Discretionary,"Hotels, Resorts & Cruise Lines",Medium,1.0,0.3704155319120627,0.03189137809702445,0.03724107169500739,0.667519168718218,0.3452483977184226,184.1699981689453,2026-08-18,Down,0.5040064114374521,random_forest
NUVAMA.NS,NUVAMA,Nuvama Wealth Management Ltd.,India,Financial Services,Financial Services,Medium,1.0,0.4190930631263388,0.03995066018251059,0.04241559760576093,0.5113654865783506,0.3236152063019217,1746.800048828125,2026-08-18,Down,0.512013205930927,random_forest
AMZN,AMZN,Amazon,US,Consumer Discretionary,Broadline Retail,Medium,1.0,0.3414057614943472,0.03068136857075139,0.03440506756184946,0.5988515762021548,0.3087663843187606,258.0599060058594,2026-08-18,Up,0.5081825659831253,random_forest
NH.NS,NH,Narayana Hrudayalaya Ltd.,India,Healthcare,Healthcare,Medium,1.0,0.31781529384170226,0.02536806387925035,0.03188790711326017,0.701034247746613,0.2890240319693692,1803.0,2026-08-18,Down,0.5150774508855369,random_forest
WY,WY,Weyerhaeuser,US,Real Estate,Timber REITs,Medium,1.0,0.2709985565308294,0.02707904046799486,0.028286880811773732,-0.3401682940800058,0.35065110315236947,23.780000686645508,2026-08-18,Up,0.5292612514922534,random_forest
NIVABUPA.NS,NIVABUPA,Niva Bupa Health Insurance Company Ltd.,India,Financial Services,Financial Services,Medium,1.0,0.3670952051397094,0.02887373019466274,0.037493652252604016,0.26399503651908945,0.31599998474121094,83.73999786376953,2026-08-18,Down,0.5213000663291757,random_forest
GOOGL,GOOGL,Alphabet Inc. (Class A),US,Communication Services,Interactive Media & Services,Medium,1.0,0.31936515403607846,0.028585816271219065,0.03143403987570916,1.1824794248359851,0.2980586978516081,341.94000244140625,2026-08-18,Down,0.512993171443624,random_forest
PNBHOUSING.NS,PNBHOUSING,PNB Housing Finance Ltd.,India,Financial Services,Financial Services,Medium,1.0,0.37555975239308886,0.03397008670835866,0.037941029712681804,0.5463632118182686,0.33637422132286704,1145.800048828125,2026-08-18,Down,0.5338284906497505,random_forest
TTWO,TTWO,Take-Two Interactive,US,Communication Services,Interactive Home Entertainment,Medium,1.0,0.31094929243744623,0.02848618174070703,0.031037821602669977,0.8288847642909088,0.2767928771144234,246.75,2026-08-18,Up,0.5043476158096074,random_forest
MS,MS,Morgan Stanley,US,Financials,Investment Banking & Brokerage,Medium,1.0,0.3070880050499874,0.028302990690491837,0.03001332643032276,1.3517001601684626,0.2923873804791859,216.64500427246097,2026-08-18,Up,0.5192251326075408,random_forest
IOC.NS,IOC,Indian Oil Corporation Ltd.,India,Oil Gas & Consumable Fuels,Oil Gas & Consumable Fuels,Medium,1.0,0.2620273233555434,0.02713951550480331,0.0272895597061057,-0.2866504001446107,0.3741590602981962,137.8000030517578,2026-08-18,Up,0.5064504568019301,random_forest
BXP,BXP,"BXP, Inc.",US,Real Estate,Office REITs,Medium,1.0,0.2956352965673474,0.031370020521697586,0.030390828660596135,0.07074900362542061,0.39025162363910687,66.83999633789062,2026-08-18,Up,0.5157163696646009,random_forest
KIMS.NS,KIMS,Krishna Institute of Medical Sciences Ltd.,India,Healthcare,Healthcare,Medium,1.0,0.31084658802416104,0.030113939745510306,0.030959518978177666,0.8840105156496262,0.26255780884284885,805.5,2026-08-18,Down,0.5242267520818856,random_forest
CANBK.NS,CANBK,Canara Bank,India,Financial Services,Financial Services,Medium,1.0,0.30117736351562296,0.03301214292887021,0.03056873028790423,0.40107576996294625,0.2847038105607125,129.10000610351562,2026-08-18,Down,0.5245073421510765,random_forest
ATHERENERG.NS,ATHERENERG,Ather Energy Ltd.,India,Automobile and Auto Components,Automobile and Auto Components,Medium,1.0,0.4760589220056392,0.040904170718946815,0.0439890652875379,2.741772351764085,0.21479402656394175,1465.800048828125,2026-08-18,Down,0.5232763071474932,random_forest
ASAHIINDIA.NS,ASAHIINDIA,Asahi India Glass Ltd.,India,Automobile and Auto Components,Automobile and Auto Components,Medium,1.0,0.3634853653831001,0.03488036015516698,0.03658766402098561,0.6354119575692692,0.29403522007983657,962.7999877929688,2026-08-18,Down,0.5201045988801103,random_forest
DMART.NS,DMART,Avenue Supermarts Ltd.,India,Consumer Services,Consumer Services,Medium,1.0,0.27918797376567117,0.026590653678826192,0.02923328021306389,-0.41850624965676037,0.3686392662717392,3981.0,2026-08-18,Down,0.534616705480754,random_forest
CCL.NS,CCL,CCL Products (I) Ltd.,India,Fast Moving Consumer Goods,Fast Moving Consumer Goods,Medium,1.0,0.3785643451585949,0.03001054928408305,0.037982219902992276,0.7218475707361579,0.33618341877011687,1132.0999755859375,2026-08-18,Down,0.5225555173727287,random_forest
ATUL.NS,ATUL,Atul Ltd.,India,Chemicals,Chemicals,Medium,1.0,0.2807630676085609,0.029863295121741205,0.029258651950570185,-0.2924456344929965,0.3569433502609486,6608.5,2026-08-18,Down,0.5204383118104026,random_forest
MINDACORP.NS,MINDACORP,Minda Corporation Ltd.,India,Automobile and Auto Components,Automobile and Auto Components,Medium,1.0,0.37150290185077,0.030721768623799727,0.03749183400417018,0.571893098045884,0.27371900002318383,745.25,2026-08-18,Down,0.5237766381615616,random_forest
HAVELLS.NS,HAVELLS,Havells India Ltd.,India,Consumer Durables,Consumer Durables,Medium,1.0,0.24316492766551515,0.025426602511377065,0.025790699211703075,-0.7810253307023085,0.4499710259662531,1299.699951171875,2026-08-18,Down,0.5342895464107069,random_forest
CASTROLIND.NS,CASTROLIND,Castrol India Ltd.,India,Oil Gas & Consumable Fuels,Oil Gas & Consumable Fuels,Medium,1.0,0.27668902681413055,0.026754967000202707,0.028891498671742923,-0.34682825242207005,0.3839913137024593,186.8500061035156,2026-08-18,Down,0.5134127765946945,random_forest
IPCALAB.NS,IPCALAB,Ipca Laboratories Ltd.,India,Healthcare,Healthcare,Medium,1.0,0.31763532918370163,0.028861871534090047,0.0320393129750618,0.5665176730227005,0.2715457822200666,1882.0999755859375,2026-08-18,Down,0.5169262957538755,random_forest
CUB.NS,CUB,City Union Bank Ltd.,India,Financial Services,Financial Services,Medium,1.0,0.3455011901765475,0.030744301981947084,0.03436603071749587,0.9297374395965289,0.23280859373803717,222.17999267578125,2026-08-18,Down,0.5155671843969343,random_forest
IRCTC.NS,IRCTC,Indian Railway Catering And Tourism Corporation Ltd.,India,Consumer Services,Consumer Services,Medium,1.0,0.2341154372163855,0.025570565178869208,0.02538185818273145,-1.3804449045898568,0.4738224208290533,493.0499877929687,2026-08-18,Down,0.5242951888468134,random_forest
COLPAL.NS,COLPAL,Colgate Palmolive (India) Ltd.,India,Fast Moving Consumer Goods,Fast Moving Consumer Goods,Medium,1.0,0.2437087338377312,0.02680636010810425,0.02629890038427778,-1.2465093239513727,0.5200485986060825,1903.0,2026-08-18,Up,0.5022776098426898,random_forest
BIOCON.NS,BIOCON,Biocon Ltd.,India,Healthcare,Healthcare,Medium,1.0,0.30766078356812154,0.031217016018381782,0.03130299223616746,0.34145099589388944,0.2467936661530051,417.5,2026-08-18,Down,0.5172365113685593,random_forest
BHARTIHEXA.NS,BHARTIHEXA,Bharti Hexacom Ltd.,India,Telecommunication,Telecommunication,Medium,1.0,0.3482949261001237,0.03065595571515376,0.03511738700074043,0.5880979237511182,0.2715300751219158,1600.4000244140625,2026-08-18,Down,0.5146051586109566,random_forest
BANKINDIA.NS,BANKINDIA,Bank of India,India,Financial Services,Financial Services,Medium,1.0,0.3231251646029281,0.03103108644444407,0.03275456019112198,0.44270816722469597,0.25318231944946007,142.10000610351562,2026-08-18,Down,0.5239952386596283,random_forest
MAHABANK.NS,MAHABANK,Bank of Maharashtra,India,Financial Services,Financial Services,Medium,1.0,0.35389227273674245,0.03163122148385704,0.03579532707898857,0.5090370961550149,0.30926372423138115,80.48999786376953,2026-08-18,Down,0.5255212008757301,random_forest
INFY.NS,INFY,Infosys Ltd.,India,Information Technology,Information Technology,Medium,1.0,0.27384575615138784,0.028050579367015004,0.029132326730053937,-0.8431519022437197,0.48171644951277065,1115.0,2026-08-18,Down,0.5169320960304228,random_forest
MPHASIS.NS,MPHASIS,MphasiS Ltd.,India,Information Technology,Information Technology,Medium,1.0,0.3093081117700478,0.0310868801390886,0.03217261142665846,-0.22980053636367437,0.34685180656389386,2432.0,2026-08-18,Down,0.5174862546784048,random_forest
BATAINDIA.NS,BATAINDIA,Bata India Ltd.,India,Consumer Durables,Consumer Durables,Medium,1.0,0.2873716906820799,0.02609328706980697,0.030851766942308206,-1.0822692914742988,0.5829788733111722,753.0999755859375,2026-08-18,Down,0.5312281207217331,random_forest
HCLTECH.NS,HCLTECH,HCL Technologies Ltd.,India,Information Technology,Information Technology,Medium,1.0,0.2695223795842024,0.02624742030074743,0.028136210076475113,-0.3441677265288394,0.4476447592300092,1298.0,2026-08-18,Down,0.5198685904360345,random_forest
BAYERCROP.NS,BAYERCROP,Bayer Cropscience Ltd.,India,Chemicals,Chemicals,Medium,1.0,0.2676914762272041,0.02502139682701845,0.028306487555910358,-0.6854084126030274,0.3749625467637474,4105.7001953125,2026-08-18,Down,0.5200931674421345,random_forest
COROMANDEL.NS,COROMANDEL,Coromandel International Ltd.,India,Chemicals,Chemicals,Medium,1.0,0.3222331168661754,0.032390942303443394,0.03281942864619477,0.3209192945332226,0.348858966296199,2062.699951171875,2026-08-18,Down,0.522605821668282,random_forest
KARURVYSYA.NS,KARURVYSYA,Karur Vysya Bank Ltd.,India,Financial Services,Financial Services,Medium,1.0,0.3347886402545643,0.02873341468935028,0.03324942573798402,0.9644648181215029,0.23088654985917811,333.8999938964844,2026-08-18,Down,0.5198761752189107,random_forest
LTF.NS,LTF,L&T Finance Ltd.,India,Financial Services,Financial Services,Medium,1.0,0.3335732433784373,0.03329209967075259,0.03293153888162251,1.112990440453034,0.3042206578437944,325.1000061035156,2026-08-18,Down,0.5178140268665598,random_forest
JSWCEMENT.NS,JSWCEMENT,JSW Cement Ltd.,India,Construction Materials,Construction Materials,Medium,1.0,0.30151473630168735,0.027581432005560843,0.03159632343477217,-0.4289982944868884,0.3213545195248984,127.30999755859376,2026-08-18,Up,0.5015872659748405,random_forest
ENDURANCE.NS,ENDURANCE,Endurance Technologies Ltd.,India,Automobile and Auto Components,Automobile and Auto Components,Medium,1.0,0.3198963527413728,0.028356064446451387,0.032544786370878306,0.34887820313452667,0.3402244790597779,3018.300048828125,2026-08-18,Down,0.5315397701486869,random_forest
SBICARD.NS,SBICARD,SBI Cards and Payment Services Ltd.,India,Financial Services,Financial Services,Medium,1.0,0.26395002949375096,0.026562132789443735,0.027457676453012482,-0.254864197121115,0.43929126553952075,615.0,2026-08-18,Up,0.5183613421653949,random_forest
CEATLTD.NS,CEATLTD,Ceat Ltd.,India,Automobile and Auto Components,Automobile and Auto Components,Medium,1.0,0.372107504728578,0.037666919911846536,0.03767030486582535,0.49252492348606386,0.302642179982522,3605.39990234375,2026-08-18,Down,0.5357516270892189,random_forest
ANTHEM.NS,ANTHEM,Anthem Biosciences Ltd.,India,Healthcare,Healthcare,Medium,1.0,0.30554009644688107,0.027239140504937275,0.030726782107003293,0.6378287546302247,0.3147483679636127,891.0499877929688,2026-08-18,Down,0.5320366077477268,random_forest
HONAUT.NS,HONAUT,Honeywell Automation India Ltd.,India,Capital Goods,Capital Goods,Medium,1.0,0.2790484252296331,0.026234549445241357,0.029470228737984244,-0.6457543186438213,0.4962100301005571,36400.0,2026-08-18,Down,0.5395410537732568,random_forest
MAXHEALTH.NS,MAXHEALTH,Max Healthcare Institute Ltd.,India,Healthcare,Healthcare,Medium,1.0,0.31429509780157316,0.029817356212116446,0.03206442959394685,0.2748978612253983,0.28332950764307063,1014.4000244140624,2026-08-18,Down,0.5191013337575642,random_forest
ASTRAL.NS,ASTRAL,Astral Ltd.,India,Capital Goods,Capital Goods,Medium,1.0,0.289158578574071,0.028599551172700317,0.030214127983102624,-0.3585253357059982,0.38807162126804917,1520.0,2026-08-18,Down,0.5164510050902082,random_forest
CHOICEIN.NS,CHOICEIN,Choice International Ltd.,India,Financial Services,Financial Services,Medium,1.0,0.3083122272336451,0.02716759104475278,0.030400436381215343,1.1336078449642166,0.3132423608252344,803.5999755859375,2026-08-18,Down,0.5215102737489004,random_forest
LICHSGFIN.NS,LICHSGFIN,LIC Housing Finance Ltd.,India,Financial Services,Financial Services,Medium,1.0,0.2665269206209174,0.03071854658398407,0.027999562176642158,-0.5122964200635393,0.3518414504115635,498.7999877929687,2026-08-18,Down,0.5205538181823539,random_forest
ERIS.NS,ERIS,Eris Lifesciences Ltd.,India,Healthcare,Healthcare,Medium,1.0,0.33046927262678527,0.0313142953511021,0.033757650130985126,0.24823870800056283,0.31211772443493657,1350.0999755859375,2026-08-18,Down,0.5203570177190637,random_forest
GAIL.NS,GAIL,GAIL (India) Ltd.,India,Oil Gas & Consumable Fuels,Oil Gas & Consumable Fuels,Medium,1.0,0.27716361770232256,0.029417064939120198,0.02906022111829756,-0.45492792941103555,0.3935279891658149,173.5,2026-08-18,Up,0.5058135093725512,random_forest
ASTERDM.NS,ASTERDM,Aster DM Quality Care Ltd.,India,Healthcare,Healthcare,Medium,1.0,0.30072400667213767,0.025201279649956103,0.02948833703306796,1.2676617913703498,0.25589602512711396,818.0,2026-08-18,Down,0.5205843239340326,random_forest
LTFOODS.NS,LTFOODS,LT Foods Ltd.,India,Fast Moving Consumer Goods,Fast Moving Consumer Goods,Medium,1.0,0.42603233749173597,0.036282527617271736,0.04330168893709202,0.40421294030241967,0.3346934418773855,426.2999877929687,2026-08-18,Down,0.5300400571107458,random_forest
M&MFIN.NS,M&MFIN,Mahindra & Mahindra Financial Services Ltd.,India,Financial Services,Financial Services,Medium,1.0,0.3523921161957977,0.03197224009007315,0.03564502360790779,0.5075307054825775,0.3182492504898609,386.2000122070313,2026-08-18,Down,0.5034742458940815,random_forest
HINDZINC.NS,HINDZINC,Hindustan Zinc Ltd.,India,Metals & Mining,Metals & Mining,Medium,1.0,0.36302713463646413,0.03794799308236507,0.03696678175929026,0.34008560763023366,0.32941419644339814,558.0,2026-08-18,Down,0.5173133193794326,random_forest
ASHOKLEY.NS,ASHOKLEY,Ashok Leyland Ltd.,India,Capital Goods,Capital Goods,Medium,1.0,0.3321902218494205,0.034068007983979,0.03347256752155514,0.5984890316367952,0.33491865989534875,176.35000610351562,2026-08-18,Down,0.5033313002691779,random_forest
ENGINERSIN.NS,ENGINERSIN,Engineers India Ltd.,India,Construction,Construction,Medium,1.0,0.4243166428440444,0.040077293956102295,0.04332680607526346,0.2853513977228389,0.34488685561401566,244.77999877929688,2026-08-18,Down,0.5155052561184845,random_forest
EXIDEIND.NS,EXIDEIND,Exide Industries Ltd.,India,Automobile and Auto Components,Automobile and Auto Components,Medium,1.0,0.2961688817196587,0.02976083877649306,0.030627082741153038,-0.08335634228033434,0.4544597870601487,465.25,2026-08-18,Down,0.5211608761325135,random_forest
KAJARIACER.NS,KAJARIACER,Kajaria Ceramics Ltd.,India,Consumer Durables,Consumer Durables,Medium,1.0,0.2909469530982457,0.025737405859774427,0.030172423819234927,-0.15970109659059947,0.4944234867050729,1225.800048828125,2026-08-18,Down,0.5322130604403934,random_forest
HYUNDAI.NS,HYUNDAI,Hyundai Motor India Ltd.,India,Automobile and Auto Components,Automobile and Auto Components,Medium,1.0,0.29544317807645476,0.02940874194942281,0.02999443551564557,0.39192146379014314,0.3979282761147439,2186.0,2026-08-18,Down,0.5292745014740883,random_forest
AMBUJACEM.NS,AMBUJACEM,Ambuja Cements Ltd.,India,Construction Materials,Construction Materials,Medium,1.0,0.2727024895360691,0.02741792198499225,0.02895117014958237,-0.7887504928458823,0.3741368359736131,412.3999938964844,2026-08-18,Down,0.5188843365809668,random_forest
CGCL.NS,CGCL,Capri Global Capital Ltd.,India,Financial Services,Financial Services,Medium,1.0,0.4167035075123296,0.0315500561414231,0.04263716816514571,0.23057085175037878,0.29657349966800167,225.5399932861328,2026-08-18,Down,0.5067764895158817,random_forest
CHALET.NS,CHALET,Chalet Hotels Ltd.,India,Consumer Services,Consumer Services,Medium,1.0,0.31667646655716414,0.029209137881011635,0.03246853149159086,0.1476139606106096,0.3431170068845462,834.4500122070312,2026-08-18,Down,0.5248358525585267,random_forest
CIEINDIA.NS,CIEINDIA,CIE Automotive India Ltd.,India,Automobile and Auto Components,Automobile and Auto Components,Medium,1.0,0.2887197412172321,0.030183930441351984,0.030207226285882845,-0.39273392470842444,0.3635979379257657,409.7000122070313,2026-08-18,Down,0.5224788309122099,random_forest
INDHOTEL.NS,INDHOTEL,Indian Hotels Co. Ltd.,India,Consumer Services,Consumer Services,Medium,1.0,0.28984137672041527,0.030535261196734397,0.029532188471073376,0.2967374398927178,0.3563436131629517,719.0,2026-08-18,Down,0.5189901685590717,random_forest
CANFINHOME.NS,CANFINHOME,Can Fin Homes Ltd.,India,Financial Services,Financial Services,Medium,1.0,0.2790095678038062,0.028333921888277304,0.028739668247187676,0.010357717685599122,0.3782622367549845,824.1500244140625,2026-08-18,Down,0.5402580491860969,random_forest
DOMS.NS,DOMS,DOMS Industries Ltd.,India,Fast Moving Consumer Goods,Fast Moving Consumer Goods,Medium,1.0,0.3585101139844925,0.030765204407291177,0.03693295523366135,0.03916087423924654,0.32932657691812656,2218.60009765625,2026-08-18,Down,0.5212333247102207,random_forest
SAGILITY.NS,SAGILITY,Sagility Ltd.,India,Information Technology,Information Technology,Medium,1.0,0.4174134724754733,0.042042679534182344,0.04207352073303107,0.6148745053098358,0.3333394339433312,42.15999984741211,2026-08-18,Up,0.500515832182052,random_forest
MPC,MPC,Marathon Petroleum,US,Energy,Oil & Gas Refining & Marketing,Medium,1.0,0.3501231338814409,0.03428915811749213,0.03454500467374251,1.1333402634922611,0.3264463809031942,360.7349853515625,2026-08-18,Down,0.5091402034048453,random_forest
CI,CI,Cigna,US,Health Care,Health Care Services,Medium,1.0,0.3114124018085152,0.028070034433398516,0.032399266868714936,-0.23522093167482622,0.3210260891532805,279.2449951171875,2026-08-18,Up,0.5024285476635584,random_forest
TRAVELFOOD.NS,TRAVELFOOD,Travel Food Services Ltd.,India,Consumer Services,Consumer Services,Medium,1.0,0.32457404432657305,0.029561058044691304,0.03260255623981284,0.675307215188814,0.24848796480634258,1346.4000244140625,2026-08-18,Down,0.5218400621958204,random_forest
SARDAEN.NS,SARDAEN,Sarda Energy and Minerals Ltd.,India,Metals & Mining,Metals & Mining,Medium,1.0,0.4085900761723278,0.035834646305477856,0.041129275020985026,0.6466554195010213,0.26151885674183634,518.1500244140625,2026-08-18,Down,0.5162221495587562,random_forest
C,C,Citigroup,US,Financials,Diversified Banks,Medium,1.0,0.31172805933028735,0.027514197478420824,0.030404804035640557,1.4037752311293838,0.3131276892628808,137.69000244140625,2026-08-18,Up,0.5223764951068391,random_forest
CFG,CFG,Citizens Financial Group,US,Financials,Regional Banks,Medium,1.0,0.30905418507272586,0.025256717819779055,0.030526464568949207,1.0908103272362404,0.29076994343330975,74.58000183105469,2026-08-18,Up,0.5072198647157224,random_forest
CLX,CLX,Clorox,US,Consumer Staples,Household Products,Medium,1.0,0.2602129569744076,0.02690449918148116,0.027322458725219337,-0.5025735489511554,0.4610512363736132,107.5749969482422,2026-08-18,Down,0.500489396260812,random_forest
LYV,LYV,Live Nation Entertainment,US,Communication Services,Movies & Entertainment,Medium,1.0,0.3035171011541767,0.027478274491755557,0.02998382865921401,1.0848930998216284,0.27835227868443746,183.0399932861328,2026-08-18,Up,0.5146253763255778,random_forest
CMCSA,CMCSA,Comcast,US,Communication Services,Cable & Satellite,Medium,1.0,0.29396942850457164,0.0252773588368838,0.030877163390460982,-0.4937191389473703,0.44216168836136277,25.895000457763672,2026-08-18,Up,0.5002431178471238,random_forest
LLY,LLY,Lilly (Eli),US,Health Care,Pharmaceuticals,Medium,1.0,0.3785822559779842,0.0347531943926352,0.03836566584200912,0.4678112807134268,0.3447501321900116,1212.3499755859375,2026-08-18,Down,0.5148382949123302,random_forest
CAT,CAT,Caterpillar Inc.,US,Industrials,Construction Machinery & Heavy Transportation Equipment,Medium,1.0,0.35041383379090013,0.03404280441498017,0.034194288716428434,1.4062789598195877,0.34047132901744037,855.4249877929688,2026-08-18,Down,0.5042475588548432,random_forest
COF,COF,Capital One,US,Financials,Consumer Finance,Medium,1.0,0.36157634039169617,0.033126278608386475,0.036260630682955305,0.7288318014244907,0.3146707468781081,223.02000427246097,2026-08-18,Up,0.5106100292388125,random_forest
MAS,MAS,Masco,US,Industrials,Building Products,Medium,1.0,0.3272019733747532,0.027027667511026712,0.033720041969810266,0.018946343413231204,0.3094907559825696,73.4000015258789,2026-08-18,Up,0.5079259591627182,random_forest
BRO,BRO,Brown & Brown,US,Financials,Insurance Brokers,Medium,1.0,0.2698616684285437,0.0260296457180728,0.02853208499847299,-0.6805788053370465,0.5584660903009399,70.61499786376953,2026-08-18,Up,0.5059014464679692,random_forest
PAYX,PAYX,Paychex,US,Industrials,Human Resource & Employment Services,Medium,1.0,0.2598986245386211,0.025341255157891315,0.026711676781921802,0.05745813475842352,0.44950777504757594,121.61000061035156,2026-08-18,Up,0.503267944798325,random_forest
RADICO.NS,RADICO,Radico Khaitan Ltd,India,Fast Moving Consumer Goods,Fast Moving Consumer Goods,Medium,1.0,0.3403190354233123,0.031784201224633234,0.03296806720161978,1.5814563568243778,0.27443490952694255,4732.89990234375,2026-08-18,Down,0.5352540770496006,random_forest
OKE,OKE,Oneok,US,Energy,Oil & Gas Storage & Transportation,Medium,1.0,0.2940297442239224,0.0324674798437219,0.029910423084517055,0.340289185975254,0.42165973435150844,96.89299774169922,2026-08-18,Up,0.5049879048461299,random_forest
OMC,OMC,Omnicom Group,US,Communication Services,Advertising,Medium,1.0,0.32970629800785944,0.028989451400428235,0.034019651181664674,-0.011862722419154701,0.3330447335572639,86.98999786376953,2026-08-18,Up,0.5036811295500118,random_forest
NVR,NVR,"NVR, Inc.",US,Consumer Discretionary,Homebuilding,Medium,1.0,0.27306897923991746,0.026352786988792933,0.02883683443720662,-0.6471336389287838,0.4393998732212451,6275.02978515625,2026-08-18,Down,0.5310321067293129,random_forest
TCS.NS,TCS,Tata Consultancy Services Ltd.,India,Information Technology,Information Technology,Medium,1.0,0.2429912861336643,0.025125481380222123,0.026270379205672326,-1.297706298750145,0.5339342955283944,2280.0,2026-08-18,Down,0.5167979989708488,random_forest
BR,BR,Broadridge Financial Solutions,US,Industrials,Data Processing & Outsourced Services,Medium,1.0,0.25049460785888517,0.027917373848762927,0.02614044721419131,-0.34598514224851296,0.48208567126773244,172.99000549316406,2026-08-18,Down,0.5013419155761127,random_forest
BG,BG,Bunge Global,US,Consumer Staples,Agricultural Products & Services,Medium,1.0,0.30351677350329587,0.02737352441218197,0.030808508369270682,0.40016162867203037,0.3135497381334278,114.7300033569336,2026-08-18,Up,0.5029826371325965,random_forest
TAP,TAP,Molson Coors Beverage Company,US,Consumer Staples,Brewers,Medium,1.0,0.2670300340453345,0.02558723758872456,0.027928463567059775,-0.3950380403802463,0.3574401941036674,41.084999084472656,2026-08-18,Up,0.5262504729776514,random_forest
GICRE.NS,GICRE,General Insurance Corporation of India,India,Financial Services,Financial Services,Medium,1.0,0.3277189461865911,0.03505365513959849,0.03384910559520552,-0.039137043131466605,0.28581728811673024,359.8999938964844,2026-08-18,Down,0.5271732943364162,random_forest
CF,CF,CF Industries,US,Materials,Fertilizers & Agricultural Chemicals,Medium,1.0,0.3766571214486605,0.03751710111355017,0.037866961334011254,0.670399996152537,0.29159011707980287,120.4000015258789,2026-08-18,Up,0.5069237906312055,random_forest
SBFC.NS,SBFC,SBFC Finance Ltd.,India,Financial Services,Financial Services,Medium,1.0,0.35282158407908987,0.032972665868668635,0.036105310223898984,0.20994047761024584,0.31986221448983726,93.66999816894533,2026-08-18,Down,0.5411901993337983,random_forest
MKC,MKC,McCormick & Company,US,Consumer Staples,Packaged Foods & Meats,Medium,1.0,0.2627025695531737,0.025908794909113488,0.027671535381342663,-0.5852115978231932,0.4428286395752138,55.15999984741211,2026-08-18,Down,0.5018986192852157,random_forest
MCX.NS,MCX,Multi Commodity Exchange of India Ltd.,India,Financial Services,Financial Services,Medium,1.0,0.3856011550812879,0.037685171037416,0.03732512597849315,1.614604259774122,0.34674138738256327,3040.0,2026-08-18,Down,0.5213208678846504,random_forest
GILLETTE.NS,GILLETTE,Gillette India Ltd.,India,Fast Moving Consumer Goods,Fast Moving Consumer Goods,Medium,1.0,0.3036188047812708,0.026018753440490525,0.03131165364080488,-0.008802744084730177,0.33932093189074025,7517.5,2026-08-18,Down,0.5210220785422508,random_forest
GLAND.NS,GLAND,Gland Pharma Ltd.,India,Healthcare,Healthcare,Medium,1.0,0.32194742163475704,0.02522984223156697,0.032367402039619596,0.6518507620006222,0.2897500876121486,2858.60009765625,2026-08-18,Down,0.5273904870591664,random_forest
HDFCAMC.NS,HDFCAMC,HDFC Asset Management Company Ltd.,India,Financial Services,Financial Services,Medium,1.0,0.3042649943908232,0.02844414991104882,0.03089288943153588,0.39350144602496423,0.24847238833023133,2525.0,2026-08-18,Down,0.525186976495008,random_forest
MUTHOOTFIN.NS,MUTHOOTFIN,Muthoot Finance Ltd.,India,Financial Services,Financial Services,Medium,1.0,0.3374006969805647,0.028977946308457823,0.0337853331772948,0.7588817613300449,0.2995501977516085,2894.10009765625,2026-08-18,Down,0.5230076555377562,random_forest
MEDANTA.NS,MEDANTA,Global Health Ltd.,India,Healthcare,Healthcare,Medium,1.0,0.3076952236117863,0.02754402974898989,0.03116165455464511,0.4600898490975295,0.3265835303889796,1442.699951171875,2026-08-18,Down,0.5199456361263401,random_forest
MSUMI.NS,MSUMI,Motherson Sumi Wiring India Ltd.,India,Automobile and Auto Components,Automobile and Auto Components,Medium,1.0,0.2785460556071888,0.025393292303055138,0.028994323863860152,-0.2634616094933086,0.35208164898529554,40.31999969482422,2026-08-18,Down,0.507201359232567,random_forest
HEROMOTOCO.NS,HEROMOTOCO,Hero MotoCorp Ltd.,India,Automobile and Auto Components,Automobile and Auto Components,Medium,1.0,0.26121351883131405,0.02625614713746509,0.026579247169546044,0.3163659972552715,0.4215789620261376,5745.5,2026-08-18,Down,0.5306974750795825,random_forest
BAJAJ-AUTO.NS,BAJAJ-AUTO,Bajaj Auto Ltd.,India,Automobile and Auto Components,Automobile and Auto Components,Medium,1.0,0.2606274217277506,0.025030740568710772,0.026446009904413485,0.38718544009355865,0.42313526174411853,11607.0,2026-08-18,Down,0.5232150207512657,random_forest
INDIANB.NS,INDIANB,Indian Bank,India,Financial Services,Financial Services,Medium,1.0,0.32601016448049214,0.029884255984807383,0.03254743002013715,0.8299676252015519,0.212382049539458,875.0,2026-08-18,Down,0.5330645403121741,random_forest
DCMSHRIRAM.NS,DCMSHRIRAM,DCM Shriram Ltd.,India,Diversified,Diversified,Medium,1.0,0.36713920798222316,0.031728020015540856,0.03796157413032013,-0.0540831156231386,0.32577738302103404,1026.4000244140625,2026-08-18,Down,0.527217874397504,random_forest
J&KBANK.NS,J&KBANK,Jammu & Kashmir Bank Ltd.,India,Financial Services,Financial Services,Medium,1.0,0.38888638430987893,0.03446681934465334,0.03934876968723847,0.5102170604513571,0.23192314607489134,150.24000549316406,2026-08-18,Down,0.5064514814596259,random_forest
CROMPTON.NS,CROMPTON,Crompton Greaves Consumer Electricals Ltd.,India,Consumer Durables,Consumer Durables,Medium,1.0,0.2859242984823064,0.027617219421311533,0.03065898243521131,-1.050015929514235,0.5316604834211751,244.8000030517578,2026-08-18,Up,0.5048164923339449,random_forest
KHC,KHC,Kraft Heinz,US,Consumer Staples,Packaged Foods & Meats,Medium,1.0,0.25527107511760455,0.029222755132299504,0.026779890342630813,-0.4821838475387851,0.35935992019179686,25.020000457763672,2026-08-18,Up,0.5080331882758028,random_forest
BAJAJHFL.NS,BAJAJHFL,Bajaj Housing Finance Ltd.,India,Financial Services,Financial Services,Medium,1.0,0.29520805383446047,0.025146479982777185,0.0318158925743423,-1.1834231396482335,0.5973002956590048,84.36000061035156,2026-08-18,Down,0.543285719564915,random_forest
UPL.NS,UPL,UPL Ltd.,India,Chemicals,Chemicals,Medium,1.0,0.30218484439143173,0.02774758061948236,0.031092163410637818,0.05028833549443791,0.2983795588656721,560.0499877929688,2026-08-18,Down,0.52056212407165,random_forest
CBRE,CBRE,CBRE Group,US,Real Estate,Real Estate Services,Medium,1.0,0.31021960454951325,0.028354240469488326,0.03137902732150329,0.4922455920688329,0.27370200485780943,149.7100067138672,2026-08-18,Up,0.5083007576229328,random_forest
META,META,Meta Platforms,US,Communication Services,Interactive Media & Services,Medium,1.0,0.37936054512420714,0.03361913135060761,0.03894145065916243,0.13794099806352747,0.34150812344502446,547.9299926757812,2026-08-18,Up,0.5257910834480749,random_forest
UNOMINDA.NS,UNOMINDA,UNO Minda Ltd.,India,Automobile and Auto Components,Automobile and Auto Components,Medium,1.0,0.3526239592377373,0.034978067149972286,0.0361206893396598,0.18443376569040568,0.3155628468043856,1273.0,2026-08-18,Down,0.5352201330637585,random_forest
JBL,JBL,Jabil,US,Information Technology,Electronic Manufacturing Services,Medium,1.0,0.41972641686182177,0.0429353723240133,0.04075344929098989,1.547933915822429,0.32536126443257407,352.5,2026-08-18,Down,0.5207361507170796,random_forest
LLOYDSME.NS,LLOYDSME,Lloyds Metals And Energy Ltd.,India,Metals & Mining,Metals & Mining,Medium,1.0,0.40223749434283346,0.035763882343789695,0.03945550337960813,1.2931008361838443,0.3304591444990707,1938.5999755859375,2026-08-18,Down,0.5150770664345907,random_forest
MANKIND.NS,MANKIND,Mankind Pharma Ltd.,India,Healthcare,Healthcare,Medium,1.0,0.2948830889951801,0.02752743567706289,0.03033088764983199,0.05554731404304339,0.356937099965813,2380.0,2026-08-18,Down,0.5201501141791759,random_forest
CHOLAFIN.NS,CHOLAFIN,Cholamandalam Investment and Finance Company Ltd.,India,Financial Services,Financial Services,Medium,1.0,0.33741220977792347,0.02853222954625528,0.03408124128859781,0.5387445958341879,0.2866758592147691,1868.0,2026-08-18,Down,0.5178953560593653,random_forest
CANHLIFE.NS,CANHLIFE,Canara HSBC Life Insurance Company Ltd.,India,Financial Services,Financial Services,Medium,0.67,0.3091448163253572,0.025826586449595183,0.030426673989064658,1.1794899936338792,0.12530050688195313,149.27000427246094,2026-08-18,Down,0.5158020066790799,random_forest
ACUTAAS.NS,ACUTAAS,Acutaas Chemicals Ltd.,India,Healthcare,Healthcare,Medium,0.67,0.4757197139019721,0.04079366128104133,0.045493304920357976,1.9282775782865067,0.1958765502697707,3391.39990234375,2026-08-18,Down,0.5022020993091536,random_forest
HSY,HSY,Hershey Company (The),US,Consumer Staples,Packaged Foods & Meats,Medium,0.67,0.28253909616393985,0.02757983599727345,0.029152013261378243,-0.03136087277300639,0.2821179483237574,182.1750030517578,2026-08-18,Up,0.5032736935927054,random_forest
GLENMARK.NS,GLENMARK,Glenmark Pharmaceuticals Ltd.,India,Healthcare,Healthcare,Medium,0.67,0.29891735095834593,0.031639913621814356,0.030096584586411342,0.6047287811142116,0.29656516044289344,2305.0,2026-08-18,Down,0.5313451665540961,random_forest
HLT,HLT,Hilton Worldwide,US,Consumer Discretionary,"Hotels, Resorts & Cruise Lines",Medium,0.67,0.24426983570328648,0.025597286446842542,0.024330313877796942,0.8472174081120676,0.2635114369291991,328.3599853515625,2026-08-18,Down,0.5164444732940072,random_forest
HRL,HRL,Hormel Foods,US,Consumer Staples,Packaged Foods & Meats,Medium,0.67,0.2646780687164983,0.0222701027688485,0.02770144413316622,-0.41443123740267923,0.3701700742339971,24.28499984741211,2026-08-18,Down,0.5010495958615824,random_forest
HST,HST,Host Hotels & Resorts,US,Real Estate,Hotel & Resort REITs,Medium,0.67,0.27374725737896727,0.025171487901784136,0.02732613596227664,0.8098513209392009,0.3129738432904824,22.950000762939453,2026-08-18,Up,0.5070294467233755,random_forest
MAR,MAR,Marriott International,US,Consumer Discretionary,"Hotels, Resorts & Cruise Lines",Medium,0.67,0.278130849902776,0.02637807219306564,0.027708743016209916,0.8619635146625013,0.3050009988523867,357.29998779296875,2026-08-18,Down,0.5187321051043976,random_forest
MLM,MLM,Martin Marietta Materials,US,Materials,Construction Materials,Medium,0.67,0.26358255623935933,0.027624940997671495,0.027162765373469535,-0.009670607014941521,0.2674897780455177,531.4249877929688,2026-08-18,Down,0.5093714875781851,random_forest
MCK,MCK,McKesson Corporation,US,Health Care,Health Care Distributors,Medium,0.67,0.28782527742811603,0.02509801437406127,0.02870254768151872,0.8422936756708029,0.27169096590460345,877.2899780273438,2026-08-18,Down,0.5130045622073915,random_forest
SAILIFE.NS,SAILIFE,Sai Life Sciences Ltd.,India,Healthcare,Healthcare,Medium,0.67,0.38743910627370026,0.036825508385007255,0.038324086029512455,1.0810641362844011,0.185534248658521,1440.0999755859375,2026-08-18,Down,0.526598110843192,random_forest
BAJFINANCE.NS,BAJFINANCE,Bajaj Finance Ltd.,India,Financial Services,Financial Services,Medium,0.67,0.2846897795148916,0.02668367191668147,0.028305081343652113,0.9158150466842457,0.26742220980962705,1094.300048828125,2026-08-18,Down,0.5131288856573342,random_forest
TT,TT,Trane Technologies,US,Industrials,Building Products,Medium,0.67,0.28366891843575104,0.029855337475720507,0.02860754020075263,0.556450111191146,0.24435647298277446,466.3550109863281,2026-08-18,Up,0.5057961967938721,random_forest
ROL,ROL,"Rollins, Inc.",US,Industrials,Environmental & Facilities Services,Medium,0.67,0.2408034032687859,0.022414850079187986,0.025408246774692323,-0.6445186672860309,0.44606511693119255,35.93000030517578,2026-08-18,Up,0.5046970930229705,random_forest
ROP,ROP,Roper Technologies,US,Information Technology,Electronic Equipment & Instruments,Medium,0.67,0.2467571559322347,0.02411276911909683,0.02606302722155769,-0.6676486640842123,0.4651222947129597,398.385009765625,2026-08-18,Down,0.5212903996986201,random_forest
PETRONET.NS,PETRONET,Petronet LNG Ltd.,India,Oil Gas & Consumable Fuels,Oil Gas & Consumable Fuels,Medium,0.67,0.28424132260547486,0.028365197020765252,0.029699651195602073,-0.3603212398966767,0.33966464401994223,286.25,2026-08-18,Down,0.5103655312984535,random_forest
SJM,SJM,J.M. Smucker Company (The),US,Consumer Staples,Packaged Foods & Meats,Medium,0.67,0.29015599262781655,0.025102032136075758,0.02975718503513396,0.12931894207939817,0.22818967955112363,119.66500091552734,2026-08-18,Up,0.5056895635026407,random_forest
RJF,RJF,Raymond James Financial,US,Financials,Investment Banking & Brokerage,Medium,0.67,0.2697326293928331,0.02712355141654783,0.026867611085837746,0.8616529825614242,0.2811823849534423,180.00999450683594,2026-08-18,Up,0.5145885613583747,random_forest
PATANJALI.NS,PATANJALI,Patanjali Foods Ltd.,India,Fast Moving Consumer Goods,Fast Moving Consumer Goods,Medium,0.67,0.25679970130539936,0.022704108342617022,0.027522497787550015,-1.0526115717366975,0.49201757002525576,351.6499938964844,2026-08-18,Down,0.5265165105562006,random_forest
BPCL.NS,BPCL,Bharat Petroleum Corporation Ltd.,India,Oil Gas & Consumable Fuels,Oil Gas & Consumable Fuels,Medium,0.67,0.28454912398307697,0.028307465980905097,0.029363023882400217,-0.033565475518708456,0.3458878548563134,310.29998779296875,2026-08-18,Down,0.5084897715426733,random_forest
BEL.NS,BEL,Bharat Electronics Ltd.,India,Capital Goods,Capital Goods,Medium,0.67,0.282854856757748,0.027620007730951572,0.028502103621046822,0.5768380992784484,0.22643896794098328,412.0,2026-08-18,Down,0.5333025903983104,random_forest
BERGEPAINT.NS,BERGEPAINT,Berger Paints India Ltd.,India,Consumer Durables,Consumer Durables,Medium,0.67,0.26805369882834734,0.02539776167824885,0.027682858942734305,-0.0629183533120428,0.34861271141079836,541.2000122070312,2026-08-18,Down,0.5249164373144983,random_forest
BELRISE.NS,BELRISE,Belrise Industries Ltd.,India,Automobile and Auto Components,Automobile and Auto Components,Medium,0.67,0.3938722353586548,0.029348217209791014,0.037600065039467626,1.9531125389003197,0.14670337206566347,236.72999572753903,2026-08-18,Down,0.5010870545380823,random_forest
TXT,TXT,Textron,US,Industrials,Aerospace & Defense,Medium,0.67,0.2771806408999746,0.025226515546353766,0.028585827586736657,-0.021999386051852393,0.33370799155200187,87.62999725341797,2026-08-18,Up,0.506002628901718,random_forest
HCA,HCA,HCA Healthcare,US,Health Care,Health Care Facilities,Medium,0.67,0.29191308127103294,0.030027871557892695,0.02983937313414124,0.21475924024828824,0.3361996951341117,415.1799926757813,2026-08-18,Down,0.5167045832740971,random_forest
HSIC,HSIC,Henry Schein,US,Health Care,Health Care Distributors,Medium,0.67,0.27174142739654744,0.02583578750109571,0.02750086439478182,0.4610570513292444,0.2427054571358634,90.06999969482422,2026-08-18,Down,0.5003355037096228,random_forest
LALPATHLAB.NS,LALPATHLAB,Dr. Lal Path Labs Ltd.,India,Healthcare,Healthcare,Medium,0.67,0.2850952450861898,0.02431417517270272,0.029064646761042763,0.28025689485056,0.35657844650961057,1901.4000244140625,2026-08-18,Down,0.5217992792853718,random_forest
GODREJCP.NS,GODREJCP,Godrej Consumer Products Ltd.,India,Fast Moving Consumer Goods,Fast Moving Consumer Goods,Medium,0.67,0.26234161161869407,0.023775406191309145,0.0277971860841954,-0.7426409646512134,0.3805465086850375,931.0,2026-08-18,Down,0.504489759004269,random_forest
ADANIPORTS.NS,ADANIPORTS,Adani Ports and Special Economic Zone Ltd.,India,Services,Services,Medium,0.67,0.2972037104328963,0.02526764926898625,0.030366458702501663,0.22883417491019814,0.29960086350534704,1682.4000244140625,2026-08-18,Down,0.5276303437804181,random_forest
APLAPOLLO.NS,APLAPOLLO,APL Apollo Tubes Ltd.,India,Capital Goods,Capital Goods,Medium,0.67,0.28305830633582507,0.02592236926942362,0.028266489723144293,0.8049524647418981,0.22728867648017476,2115.0,2026-08-18,Down,0.5338046361347433,random_forest
FORTIS.NS,FORTIS,Fortis Healthcare Ltd.,India,Healthcare,Healthcare,Medium,0.67,0.2962687658253019,0.028499507642258292,0.02939660760222561,0.9720912616909386,0.2815830679308041,916.7000122070312,2026-08-18,Down,0.5159630122154284,random_forest
JKHY,JKHY,Jack Henry & Associates,US,Financials,Transaction & Payment Processing Services,Medium,0.67,0.2447019784770498,0.02437802890335543,0.025300579939986325,-0.10736981480721948,0.3539699668768409,154.50999450683594,2026-08-18,Up,0.5215205978321726,random_forest
APOLLOTYRE.NS,APOLLOTYRE,Apollo Tyres Ltd.,India,Automobile and Auto Components,Automobile and Auto Components,Medium,0.67,0.27684754137168965,0.028672005762037427,0.02869310679746071,-0.1510932954662928,0.33664156443419335,436.0,2026-08-18,Down,0.5239226263818801,random_forest
J,J,Jacobs Solutions,US,Industrials,Construction & Engineering,Medium,0.67,0.2876468445975231,0.027757686042621535,0.029276376190427236,0.32390247134290273,0.3443954560269911,144.25540161132812,2026-08-18,Up,0.5041940387343529,random_forest
NYKAA.NS,NYKAA,FSN E-Commerce Ventures Ltd.,India,Consumer Services,Consumer Services,Medium,0.67,0.2906258695418416,0.02556526449285537,0.02892652404308123,0.8915872016059291,0.2997310047189405,320.6000061035156,2026-08-18,Down,0.5169603852873019,random_forest
TDG,TDG,TransDigm Group,US,Industrials,Aerospace & Defense,Medium,0.67,0.2801461842949323,0.025866750410229,0.028750769141089014,0.10626932230370972,0.2529888325265342,1230.260009765625,2026-08-18,Down,0.5057019288883391,random_forest
AIAENG.NS,AIAENG,AIA Engineering Ltd.,India,Capital Goods,Capital Goods,Medium,0.67,0.2610445572832011,0.02563219878661397,0.026962494832526603,-0.07029884754126313,0.3411645732846603,4447.60009765625,2026-08-18,Down,0.5135898736644104,random_forest
SCHAEFFLER.NS,SCHAEFFLER,Schaeffler India Ltd.,India,Automobile and Auto Components,Automobile and Auto Components,Medium,0.67,0.296349728866147,0.030923903108030518,0.030449639921407628,0.08351679473836422,0.2886069278219622,4073.300048828125,2026-08-18,Down,0.5209612314695578,random_forest
ACC.NS,ACC,ACC Ltd.,India,Construction Materials,Construction Materials,Medium,0.67,0.22601585735603685,0.0224734128275904,0.024475550598574352,-1.3551440297300033,0.4996268706779799,1303.800048828125,2026-08-18,Down,0.5244992577952079,random_forest
LMT,LMT,Lockheed Martin,US,Industrials,Aerospace & Defense,Medium,0.67,0.2710932457549403,0.025215100777982783,0.02767328651896264,0.23944933841786087,0.31788415400386566,606.0798950195312,2026-08-18,Down,0.5052996891113533,random_forest
ASIANPAINT.NS,ASIANPAINT,Asian Paints Ltd.,India,Consumer Durables,Consumer Durables,Medium,0.67,0.22443101052432538,0.023652115924368645,0.02342777441749739,-0.3726167823060873,0.36872689967151934,2628.39990234375,2026-08-18,Down,0.5196653504965051,random_forest
LOW,LOW,Lowe's,US,Consumer Discretionary,Home Improvement Retail,Medium,0.67,0.25629912084941425,0.026001852665735892,0.026572589260283195,-0.17169066184139764,0.28966518519981765,217.38999938964844,2026-08-18,Up,0.5032604026700014,random_forest
PRU,PRU,Prudential Financial,US,Financials,Life & Health Insurance,Medium,0.67,0.25168082099056244,0.028872424496775424,0.025584935869414148,0.3349279614340937,0.2566001869711596,125.9250030517578,2026-08-18,Up,0.5168121406210517,random_forest
GMRAIRPORT.NS,GMRAIRPORT,GMR Airports Ltd.,India,Services,Services,Medium,0.67,0.2911199660277527,0.030167079347639472,0.029893342379857645,0.09749093507624913,0.286626141512744,101.38999938964844,2026-08-18,Up,0.5046193951075384,random_forest
KVUE,KVUE,Kenvue,US,Consumer Staples,Personal Care Products,Medium,0.67,0.2857083893518062,0.024263840376018295,0.029532856502178514,-0.07727805434557938,0.4120375009923553,19.010000228881836,2026-08-18,Up,0.5051963991308412,random_forest
HBAN,HBAN,Huntington Bancshares,US,Financials,Regional Banks,Medium,0.67,0.2924020662092423,0.02660638065998589,0.02948268278785768,0.5654713899155214,0.3001183427181375,17.924999237060547,2026-08-18,Down,0.506004574769901,random_forest
HWM,HWM,Howmet Aerospace,US,Industrials,Aerospace & Defense,Medium,0.67,0.33385210903264606,0.029860730258398263,0.03217929852002282,1.7016814192916334,0.19413163660679883,286.2650146484375,2026-08-18,Up,0.5044654533720472,random_forest
TVSMOTOR.NS,TVSMOTOR,TVS Motor Company Ltd.,India,Automobile and Auto Components,Automobile and Auto Components,Medium,0.67,0.27630391683269445,0.02767573165649036,0.02743424499233868,0.9453671837501011,0.26209440935272965,4356.7998046875,2026-08-18,Down,0.522854645729207,random_forest
XOM,XOM,ExxonMobil,US,Energy,Integrated Oil & Gas,Medium,0.67,0.24941586297512067,0.026019469267197445,0.024941381930449813,0.7510736013020111,0.20112264413803924,163.9149932861328,2026-08-18,Up,0.5090216365553877,random_forest
M&M.NS,M&M,Mahindra & Mahindra Ltd.,India,Automobile and Auto Components,Automobile and Auto Components,Medium,0.67,0.285134628097021,0.029385619871334055,0.02891963754037633,0.4119828301341587,0.22914474896892337,3421.5,2026-08-18,Down,0.5250268004219387,random_forest
HDBFS.NS,HDBFS,HDB Financial Services Ltd.,India,Financial Services,Financial Services,Medium,0.67,0.2509164273657051,0.021456934739520386,0.026515928495991943,-0.6786102694770308,0.3501626281227455,698.1500244140625,2026-08-18,Down,0.5269005256512884,random_forest
FTV,FTV,Fortive,US,Industrials,Industrial Machinery & Supplies & Components,Medium,0.67,0.2648077372781858,0.02526713504844833,0.027028400955053045,0.23904825884966843,0.2539929298679002,60.349998474121094,2026-08-18,Up,0.5114388154384129,random_forest
STT,STT,State Street Corporation,US,Financials,Asset Management & Custody Banks,Medium,0.67,0.26088471171174527,0.025003850162038828,0.02504298290145838,1.7678004421795683,0.2568235285243567,192.6750030517578,2026-08-18,Up,0.5033970986291688,random_forest
PNB.NS,PNB,Punjab National Bank,India,Financial Services,Financial Services,Medium,0.67,0.2859850880080824,0.030665110238977843,0.029333374399349448,0.1238366911056097,0.25954327950507067,116.5,2026-08-18,Down,0.5249755071212504,random_forest
VMC,VMC,Vulcan Materials Company,US,Materials,Construction Materials,Medium,0.67,0.26907398047048714,0.02678142557657605,0.027468195447748707,0.23737161058134565,0.24429547317972464,275.239990234375,2026-08-18,Up,0.5046179627043692,random_forest
BALL,BALL,Ball Corporation,US,Materials,"Metal, Glass & Plastic Containers",Medium,0.67,0.2624805206767768,0.025012349421857438,0.027073075607687846,-0.033231797197320834,0.33357627564879194,61.5,2026-08-18,Up,0.5039896658989418,random_forest
INDIAMART.NS,INDIAMART,Indiamart Intermesh Ltd.,India,Consumer Services,Consumer Services,Medium,0.67,0.2914188074464021,0.024791363093823016,0.030901254099225565,-0.7474091220388109,0.4148185336381918,1753.0999755859375,2026-08-18,Down,0.5298971562411768,random_forest
ICICIAMC.NS,ICICIAMC,ICICI Prudential Asset Management Company Ltd.,India,Financial Services,Financial Services,Medium,0.67,0.3354025529827019,0.02807303458547687,0.033365962334850244,0.9229347349394049,0.14593651040653569,3106.0,2026-08-18,Down,0.5307694562331235,random_forest
AMP,AMP,Ameriprise Financial,US,Financials,Asset Management & Custody Banks,Medium,0.67,0.2750260110972958,0.029117968172199596,0.027768956589954676,0.5217456590293599,0.26389970298880133,566.469970703125,2026-08-18,Down,0.5135598148967675,random_forest
AAPL,AAPL,Apple Inc.,US,Information Technology,"Technology Hardware, Storage & Peripherals",Medium,0.67,0.28781226619456823,0.027262288536510602,0.02902577201041323,0.5581455670832256,0.33360517686285607,307.2200012207031,2026-08-18,Down,0.5038932544783893,random_forest
INDUSTOWER.NS,INDUSTOWER,Indus Towers Ltd.,India,Telecommunication,Telecommunication,Medium,0.67,0.28909369187499456,0.03152800375933845,0.02994893998769869,-0.13330479006855048,0.3069792269758345,372.3999938964844,2026-08-18,Down,0.5355581543088616,random_forest
ACGL,ACGL,Arch Capital Group,US,Financials,Property & Casualty Insurance,Medium,0.67,0.24142007333263127,0.026061189611620673,0.02485661725389109,-0.00037125387701368476,0.2243193509564423,100.02999877929688,2026-08-18,Up,0.5219299090892806,random_forest
ADM,ADM,Archer Daniels Midland,US,Consumer Staples,Agricultural Products & Services,Medium,0.67,0.275074028238131,0.027216796762611257,0.027575888967518055,0.7030851174128092,0.3169576159661571,81.93000030517578,2026-08-18,Up,0.5037180551685296,random_forest
CBOE,CBOE,Cboe Global Markets,US,Financials,Financial Exchanges & Data,Medium,0.67,0.278101373557279,0.02455074667704245,0.02788898713931459,0.6959601077633275,0.3673432412414989,295.8800048828125,2026-08-18,Up,0.508797350964278,random_forest
CASY,CASY,Casey's,US,Consumer Staples,Food Retail,Medium,0.67,0.3129725569826076,0.025034311715748023,0.03056849690991092,1.3702188700613627,0.16072308660405568,874.219970703125,2026-08-18,Down,0.518441371122595,random_forest
ADP,ADP,Automatic Data Processing,US,Industrials,Human Resource & Employment Services,Medium,0.67,0.2333878480569514,0.021921637035914814,0.023914163357457864,0.11858962369277809,0.4077978455095878,273.3599853515625,2026-08-18,Up,0.503365408840934,random_forest
JINDALSTEL.NS,JINDALSTEL,Jindal Steel Ltd.,India,Metals & Mining,Metals & Mining,Medium,0.67,0.2884222078312782,0.026731797566030554,0.029422987269863532,0.2651294756623311,0.26255049202090425,1101.5,2026-08-18,Down,0.5294884714944083,random_forest
UBL.NS,UBL,United Breweries Ltd.,India,Fast Moving Consumer Goods,Fast Moving Consumer Goods,Medium,0.67,0.22467537753742287,0.023321782238696964,0.02392346268886886,-0.8997847535228254,0.42265215569446596,1355.5,2026-08-18,Down,0.5204840686990485,random_forest
ITC.NS,ITC,ITC Ltd.,India,Fast Moving Consumer Goods,Fast Moving Consumer Goods,Medium,0.67,0.18197601573482133,0.017883568837686124,0.019790465584955716,-1.5143620457168363,0.4180397571797829,270.0,2026-08-18,Up,0.5046277259851215,random_forest
AMGN,AMGN,Amgen,US,Health Care,Biotechnology,Medium,0.67,0.2707230831003081,0.02592036205193818,0.027283584956985695,0.5668245338046433,0.22740552655854593,423.7900085449219,2026-08-18,Down,0.524288862672103,random_forest
AMT,AMT,American Tower,US,Real Estate,Telecom Tower REITs,Medium,0.67,0.26385167046320646,0.02874273528708721,0.027532760301002934,-0.3364042316597595,0.28398706329209134,173.55999755859375,2026-08-18,Up,0.5045785780070366,random_forest
ZYDUSLIFE.NS,ZYDUSLIFE,Zydus Lifesciences Ltd.,India,Healthcare,Healthcare,Medium,0.67,0.23557261505455213,0.0255170255699991,0.024395157250855212,-0.15488262340478695,0.32060662218460745,1115.5999755859375,2026-08-18,Down,0.5144430080557858,random_forest
LGEINDIA.NS,LGEINDIA,LG Electronics India Ltd.,India,Consumer Durables,Consumer Durables,Medium,0.67,0.29203815720987686,0.028562476015909218,0.030207281487935417,-0.09161811515291003,0.21959877520837875,1649.4000244140625,2026-08-18,Down,0.5229287343400669,random_forest
ABT,ABT,Abbott Laboratories,US,Health Care,Health Care Equipment,Medium,0.67,0.24272676343510588,0.020541030133040976,0.02492589325445771,0.06827479903840468,0.39639995020497754,113.22000122070312,2026-08-18,Down,0.5004875185465154,random_forest
EOG,EOG,EOG Resources,US,Energy,Oil & Gas Exploration & Production,Medium,0.67,0.2904745318938206,0.02888967877380871,0.029514714904673528,0.36816513307936516,0.23723464627394858,147.72000122070312,2026-08-18,Up,0.5102907170687225,random_forest
LAURUSLABS.NS,LAURUSLABS,Laurus Labs Ltd.,India,Healthcare,Healthcare,Medium,0.67,0.3313429701472181,0.02954093219917894,0.03124810763315827,2.2250458539883153,0.18694939343476152,1814.0,2026-08-18,Down,0.5219170685664596,random_forest
THELEELA.NS,THELEELA,Leela Palaces Hotels & Resorts Ltd.,India,Consumer Services,Consumer Services,Medium,0.67,0.3037509593000387,0.02514746241949915,0.030712970260496835,0.4992453427936127,0.16276321657375986,519.1500244140625,2026-08-18,Down,0.5300384303486497,random_forest
LENSKART.NS,LENSKART,Lenskart Solutions Ltd.,India,Consumer Services,Consumer Services,Medium,0.67,0.36141987768686606,0.03013327487126464,0.03490595522925982,1.6623908960734954,0.14557540136560046,628.4000244140625,2026-08-18,Down,0.5386890202999755,random_forest
TATAPOWER.NS,TATAPOWER,Tata Power Co. Ltd.,India,Power,Power,Medium,0.67,0.24615579271197627,0.02547136148246609,0.025551205646867813,-0.20909680247769055,0.3055612848701603,381.0,2026-08-18,Down,0.5334329298488684,random_forest
PPG,PPG,PPG Industries,US,Materials,Specialty Chemicals,Medium,0.67,0.295631630092686,0.029443342873502337,0.030535848138333092,-0.05319032311502238,0.31114608784359743,112.89550018310548,2026-08-18,Up,0.5064834477687604,random_forest
AXP,AXP,American Express,US,Financials,Consumer Finance,Medium,0.67,0.2943032520426592,0.028395414279346432,0.029707459297536466,0.5380288676212821,0.2875741815537535,338.07501220703125,2026-08-18,Down,0.5061192895486983,random_forest
DOV,DOV,Dover Corporation,US,Industrials,Industrial Machinery & Supplies & Components,Medium,0.67,0.265428459878183,0.025161289281042956,0.02708587683618456,0.24498407003948444,0.2659150683655797,204.2899932861328,2026-08-18,Up,0.5060120117977248,random_forest
CCI,CCI,Crown Castle,US,Real Estate,Telecom Tower REITs,Medium,0.67,0.2811316887784655,0.02941398559128037,0.02953040332202667,-0.5014166960464662,0.33005334181395496,74.76000213623047,2026-08-18,Up,0.5065051145455907,random_forest
NAVINFLUOR.NS,NAVINFLUOR,Navin Fluorine International Ltd.,India,Chemicals,Chemicals,Medium,0.67,0.3337528377853389,0.02891928280258581,0.03250105053347118,1.4514822735636512,0.1245206153415442,8255.0,2026-08-18,Down,0.5251468582307064,random_forest
MRK,MRK,Merck & Co.,US,Health Care,Pharmaceuticals,Medium,0.67,0.2732922576230358,0.02472789816262325,0.02767616486323013,0.4449693794655002,0.37038184550928466,136.99000549316406,2026-08-18,Up,0.5001726413027541,random_forest
TENNIND.NS,TENNIND,Tenneco Clean Air India Ltd.,India,Automobile and Auto Components,Automobile and Auto Components,Medium,0.67,0.37909567524706717,0.035836617278299905,0.03838648935883109,0.4886986335704105,0.19106464394954964,550.2999877929688,2026-08-18,Down,0.5192991299445665,random_forest
DABUR.NS,DABUR,Dabur India Ltd.,India,Fast Moving Consumer Goods,Fast Moving Consumer Goods,Medium,0.67,0.22261472745034747,0.024299048466318276,0.02376590199567644,-0.9714555715337615,0.3750884180339421,403.5,2026-08-18,Down,0.5229465200746888,random_forest
MET,MET,MetLife,US,Financials,Life & Health Insurance,Medium,0.67,0.26439675671058055,0.0274649889352198,0.026562112109151867,0.6432582865879048,0.21972823845540315,97.88999938964844,2026-08-18,Up,0.5217945745065182,random_forest
MSFT,MSFT,Microsoft,US,Information Technology,Systems Software,Medium,0.67,0.2888019934668011,0.025638304891963747,0.0294741880102666,0.25444186116771406,0.3449839904946891,479.8450012207031,2026-08-18,Down,0.5228579122521967,random_forest
CUMMINSIND.NS,CUMMINSIND,Cummins India Ltd.,India,Capital Goods,Capital Goods,Medium,0.67,0.2974972227933542,0.030956090056305795,0.029883794725322224,0.6632184948845926,0.3031980547828672,5350.0,2026-08-18,Down,0.5207200767990925,random_forest
SRF.NS,SRF,SRF Ltd.,India,Chemicals,Chemicals,Medium,0.67,0.2972292169853158,0.026771623756769614,0.030490942891850063,0.1255137643549382,0.2700277272792093,2630.0,2026-08-18,Down,0.5291092687133554,random_forest
HINDALCO.NS,HINDALCO,Hindalco Industries Ltd.,India,Metals & Mining,Metals & Mining,Medium,0.67,0.2843123481211231,0.02736521460122827,0.02835488845765222,0.8382210275533624,0.2622939497901254,1041.5999755859375,2026-08-18,Down,0.5278024476972403,random_forest
MSCI,MSCI,MSCI,US,Financials,Financial Exchanges & Data,Medium,0.67,0.27978329357277143,0.02518393781099076,0.02878569676901621,0.04108056402759891,0.20099651368111876,559.1799926757812,2026-08-18,Down,0.5011290702565439,random_forest
WFC,WFC,Wells Fargo,US,Financials,Diversified Banks,Medium,0.67,0.2975446021270188,0.02841793435157378,0.02968709045048316,0.8338658105665124,0.2473462513236264,87.6050033569336,2026-08-18,Up,0.5252756905898979,random_forest
NDSN,NDSN,Nordson Corporation,US,Industrials,Industrial Machinery & Supplies & Components,Medium,0.67,0.2534561078816606,0.020069101982860424,0.02558958445791233,0.5108515491540602,0.36159801590018853,306.2098083496094,2026-08-18,Down,0.508924535128386,random_forest
AUROPHARMA.NS,AUROPHARMA,Aurobindo Pharma Ltd.,India,Healthcare,Healthcare,Medium,0.67,0.2744481690471612,0.029028118889035278,0.028120856411684277,0.144751189107207,0.34622333155976387,1645.0,2026-08-18,Down,0.5255944167362213,random_forest
NOC,NOC,Northrop Grumman,US,Industrials,Aerospace & Defense,Medium,0.67,0.26645885043208456,0.023692451049787962,0.02710194562143921,0.3298114786627182,0.35131502760753386,586.260009765625,2026-08-18,Down,0.515998795021172,random_forest
BMY,BMY,Bristol Myers Squibb,US,Health Care,Pharmaceuticals,Medium,0.67,0.28414304911861205,0.027671892262291324,0.028511312563281717,0.6844337997180026,0.29917080548109587,66.01000213623047,2026-08-18,Up,0.5034957821996412,random_forest
TECHM.NS,TECHM,Tech Mahindra Ltd.,India,Information Technology,Information Technology,Medium,0.67,0.2671428599215379,0.026933129868660123,0.027415509928466482,0.10003381449456324,0.2914996477053069,1592.0,2026-08-18,Down,0.5209600196286426,random_forest
LUPIN.NS,LUPIN,Lupin Ltd.,India,Healthcare,Healthcare,Medium,0.67,0.24554701562166859,0.025254387894428337,0.025143850146786443,0.1437088165457684,0.22235411830930996,2232.0,2026-08-18,Down,0.5161733605943621,random_forest
PM,PM,Philip Morris International,US,Consumer Staples,Tobacco,Medium,0.67,0.27539509990788924,0.02651594836258051,0.02732988629065526,0.9578119222736017,0.20636344577299157,186.2599945068359,2026-08-18,Up,0.5105948770376322,random_forest
IDFCFIRSTB.NS,IDFCFIRSTB,IDFC First Bank Ltd.,India,Financial Services,Financial Services,Medium,0.67,0.30309042387865753,0.024127819237095297,0.03088131884157714,0.3034573249090434,0.31625425407858576,84.76000213623047,2026-08-18,Down,0.520475979160391,random_forest
YESBANK.NS,YESBANK,Yes Bank Ltd.,India,Financial Services,Financial Services,Medium,0.67,0.29446906653380434,0.02867789899758176,0.03051089328562803,-0.13513167190976003,0.34458906996112904,22.459999084472656,2026-08-18,Down,0.5533266593833931,random_forest
ICICIPRULI.NS,ICICIPRULI,ICICI Prudential Life Insurance Company Ltd.,India,Financial Services,Financial Services,Medium,0.67,0.2389584060732657,0.02478660917432718,0.025374866844674805,-0.8158981195040107,0.4151948906261084,498.2000122070313,2026-08-18,Down,0.5211559348516923,random_forest
NHPC.NS,NHPC,NHPC Ltd.,India,Power,Power,Medium,0.67,0.272364231008932,0.026781882840176102,0.028436260071008183,-0.3457474319549871,0.26748765979071626,76.7300033569336,2026-08-18,Down,0.5235387451317457,random_forest
SPGI,SPGI,S&P Global,US,Financials,Financial Exchanges & Data,Medium,0.67,0.26658971714053953,0.025747500833800535,0.027691500708863385,-0.2148229980815162,0.30477567948264817,415.6199951171875,2026-08-18,Down,0.5075632511869205,random_forest
BANKBARODA.NS,BANKBARODA,Bank of Baroda,India,Financial Services,Financial Services,Medium,0.67,0.2820673560411872,0.028273435663388045,0.02896393328908023,0.09294857904861892,0.25959941179665724,244.0,2026-08-18,Down,0.5258187860617458,random_forest
CTAS,CTAS,Cintas,US,Industrials,Diversified Support Services,Low,0.33,0.24165799722892398,0.02018755643076613,0.024811954173072952,0.07191136574359563,0.27675322010328085,200.72000122070312,2026-08-18,Up,0.503276473868905,random_forest
BRITANNIA.NS,BRITANNIA,Britannia Industries Ltd.,India,Fast Moving Consumer Goods,Fast Moving Consumer Goods,Low,0.33,0.2042448411625603,0.020359856240963186,0.021105555056223378,-0.12491591873367706,0.29023198217281393,5495.0,2026-08-18,Down,0.5230283172174965,random_forest
PFE,PFE,Pfizer,US,Health Care,Pharmaceuticals,Low,0.33,0.23952810748797226,0.0236989568425496,0.024545468190140033,0.12073054184428192,0.2617482606886513,27.239999771118164,2026-08-18,Down,0.5030508795808097,random_forest
MAA,MAA,Mid-America Apartment Communities,US,Real Estate,Multi-Family Residential REITs,Low,0.33,0.1994227023172021,0.019172478549667547,0.020706799336866793,-0.2554324241340733,0.26406102175969737,131.81500244140625,2026-08-18,Up,0.5069700150709235,random_forest
CME,CME,CME Group,US,Financials,Financial Exchanges & Data,Low,0.33,0.20924957105624123,0.02074684354685284,0.020899287675888084,0.7509963326046157,0.31089344590438656,272.1300048828125,2026-08-18,Up,0.5064511227757222,random_forest
CL,CL,Colgate-Palmolive,US,Consumer Staples,Household Products,Low,0.33,0.21604303608212092,0.021824337751033082,0.022417350263551843,-0.22227193376277768,0.2904585956602286,91.33999633789062,2026-08-18,Up,0.5058917561048349,random_forest
ANANDRATHI.NS,ANANDRATHI,Anand Rathi Wealth Ltd.,India,Financial Services,Financial Services,Low,0.33,0.286336740329707,0.023269246105232313,0.027700423662139272,1.5928836483568913,0.26899010817062385,2194.800048828125,2026-08-18,Down,0.5374414598270973,random_forest
TSN,TSN,Tyson Foods,US,Consumer Staples,Packaged Foods & Meats,Low,0.33,0.24333632058934523,0.021816222895426556,0.025101330369159458,-0.04817093318404296,0.2034327806316968,58.290000915527344,2026-08-18,Up,0.5049992160172281,random_forest
HINDUNILVR.NS,HINDUNILVR,Hindustan Unilever Ltd.,India,Fast Moving Consumer Goods,Fast Moving Consumer Goods,Low,0.33,0.20813382465744124,0.019522351367743218,0.02199763881617118,-0.714791798907057,0.30487993144261316,2035.0,2026-08-18,Down,0.5213424712554222,random_forest
HDFCLIFE.NS,HDFCLIFE,HDFC Life Insurance Company Ltd.,India,Financial Services,Financial Services,Low,0.33,0.22452140265639434,0.02222533064740897,0.023637027933394755,-0.5968179184306515,0.3396047828402791,538.25,2026-08-18,Down,0.5280241879850079,random_forest
TFC,TFC,Truist Financial,US,Financials,Diversified Banks,Low,0.33,0.2759669090564382,0.024620876775331684,0.02785354080946716,0.5317536756591297,0.2692876986545154,52.689998626708984,2026-08-18,Down,0.508956868365618,random_forest
USB,USB,U.S. Bancorp,US,Financials,Diversified Banks,Low,0.33,0.25815486449034225,0.023516054451614418,0.025653041068914084,0.9148684840968352,0.3063447699230835,64.94499969482422,2026-08-18,Down,0.5031728077647013,random_forest
UDR,UDR,"UDR, Inc.",US,Real Estate,Multi-Family Residential REITs,Low,0.33,0.21629852676258696,0.02026725034657434,0.022374254306053422,-0.14095770150241888,0.24908394348706792,37.4900016784668,2026-08-18,Up,0.5056359649108291,random_forest
COST,COST,Costco,US,Consumer Staples,Consumer Staples Merchandise Retail,Low,0.33,0.20633444365176395,0.02034139231105223,0.0210811709724776,0.17056518749803382,0.20742485309709666,960.0399780273438,2026-08-18,Down,0.5285583015951474,random_forest
ANURAS.NS,ANURAS,Anupam Rasayan India Ltd.,India,Chemicals,Chemicals,Low,0.33,0.26971171363686747,0.0235841277557088,0.026974789528553027,0.75955477766068,0.2211210594019905,1210.5,2026-08-18,Down,0.5297187964480198,random_forest
HDFCBANK.NS,HDFCBANK,HDFC Bank Ltd.,India,Financial Services,Financial Services,Low,0.33,0.19378754404226042,0.01925382100344798,0.020187218413916647,-0.3464908570511555,0.27776686087188873,723.0,2026-08-18,Down,0.5268193378872237,random_forest
CTVA,CTVA,Corteva,US,Materials,Fertilizers & Agricultural Chemicals,Low,0.33,0.2596907432179273,0.02217873921251548,0.026025464816181405,0.7024919866592264,0.20710126079043628,77.23500061035156,2026-08-18,Up,0.5075445516208452,random_forest
CHD,CHD,Church & Dwight,US,Consumer Staples,Household Products,Low,0.33,0.21865877877595358,0.020521146423561402,0.0225385324569004,-0.04691293949907876,0.2727728248697384,98.87000274658205,2026-08-18,Up,0.51700070578632,random_forest
CSX,CSX,CSX Corporation,US,Industrials,Rail Transportation,Low,0.33,0.24246997272571175,0.024419313093158174,0.024138683120732172,0.8588442850773126,0.27095892762818763,50.40999984741211,2026-08-18,Up,0.5060750450617602,random_forest
DRI,DRI,Darden Restaurants,US,Consumer Discretionary,Restaurants,Low,0.33,0.2820011834087652,0.02426140838276236,0.028112627009789483,0.8475818782876083,0.2391957889450821,226.2100067138672,2026-08-18,Down,0.5003780365233121,random_forest
ALLE,ALLE,Allegion,US,Industrials,Building Products,Low,0.33,0.2613536957575671,0.02212267866887094,0.026516983503086462,0.39023635252452554,0.2984056525929319,160.8800048828125,2026-08-18,Up,0.5132624151249501,random_forest
VLTO,VLTO,Veralto,US,Industrials,Environmental & Facilities Services,Low,0.33,0.21872467643202806,0.018982177699499985,0.02278255777570992,-0.3201816910080776,0.2709449486239137,97.55500030517578,2026-08-18,Up,0.504829701953455,random_forest
APD,APD,Air Products,US,Materials,Industrial Gases,Low,0.33,0.26035784300703657,0.01981005577305569,0.026533432945569018,0.2759336942173936,0.30429908178505227,304.2449951171875,2026-08-18,Down,0.5085878424592444,random_forest
ABBV,ABBV,AbbVie,US,Health Care,Biotechnology,Low,0.33,0.2700225112019693,0.023888259668622076,0.027169159022151175,0.6073383213602553,0.20736385762171788,256.7049865722656,2026-08-18,Up,0.507117151625522,random_forest
COR,COR,Cencora,US,Health Care,Health Care Distributors,Low,0.33,0.26761338614634056,0.02305862514392989,0.026987727081543126,0.5485922168529799,0.3244223652715385,316.31500244140625,2026-08-18,Up,0.500349131044842,random_forest
CVX,CVX,Chevron Corporation,US,Energy,Integrated Oil & Gas,Low,0.33,0.24171385635651219,0.023299645657595378,0.02411763304113278,0.8017969510862447,0.20810989698907523,204.30499267578125,2026-08-18,Up,0.5084660666846811,random_forest
CINF,CINF,Cincinnati Financial,US,Financials,Property & Casualty Insurance,Low,0.33,0.2329695235099637,0.02254342386255184,0.023395413574177938,0.6330413816626526,0.2002594573801347,172.2899932861328,2026-08-18,Up,0.5120844947891575,random_forest
EXR,EXR,Extra Space Storage,US,Real Estate,Self-Storage REITs,Low,0.33,0.24807286032026044,0.0247279137467346,0.025673424982637274,-0.1298515516611906,0.2935988452349051,148.16000366210938,2026-08-18,Up,0.5084047742493271,random_forest
EXPD,EXPD,Expeditors International,US,Industrials,Air Freight & Logistics,Low,0.33,0.28679270591503847,0.0227205570903844,0.02862568166929762,0.8188559772158989,0.2126264074775295,188.1699981689453,2026-08-18,Down,0.5024430669168478,random_forest
EG,EG,Everest Group,US,Financials,Reinsurance,Low,0.33,0.24843204206430144,0.020802910907176023,0.025587882167480657,-0.005140943270973239,0.23836909079067867,371.5199890136719,2026-08-18,Down,0.501945627970076,random_forest
ESS,ESS,Essex Property Trust,US,Real Estate,Multi-Family Residential REITs,Low,0.33,0.22789034529502875,0.021960177541362036,0.023361218925495943,0.10300019409067558,0.2077297039668577,285.54998779296875,2026-08-18,Down,0.5007079299289734,random_forest
EQR,EQR,Equity Residential,US,Real Estate,Multi-Family Residential REITs,Low,0.33,0.2182420091049273,0.021038247091990075,0.0225181469024833,-0.07332749585640308,0.2124931967368074,65.97000122070312,2026-08-14,Up,0.5091526005992026,random_forest
EQIX,EQIX,Equinix,US,Real Estate,Data Center REITs,Low,0.33,0.2572465471846537,0.02179180560876289,0.025880238116787177,0.6033387127512984,0.24594717632906823,1096.5,2026-08-18,Down,0.5356437220483414,random_forest
ECL,ECL,Ecolab,US,Materials,Specialty Chemicals,Low,0.33,0.2055136283029462,0.020354389699767352,0.020882819570522713,0.31017659903501643,0.20094517034828283,279.4949951171875,2026-08-18,Up,0.5018792443087667,random_forest
DLR,DLR,Digital Realty,US,Real Estate,Data Center REITs,Low,0.33,0.27375514826553043,0.024901118697888466,0.02751821889939866,0.6337623960086801,0.29399473499151146,198.82000732421875,2026-08-18,Up,0.5030431046762022,random_forest
BAJAJFINSV.NS,BAJAJFINSV,Bajaj Finserv Ltd.,India,Financial Services,Financial Services,Low,0.33,0.24832624059029648,0.023523901030323875,0.025085529613446848,0.4935163533884796,0.25029864433825233,2011.199951171875,2026-08-18,Down,0.5228865894995367,random_forest
PSA,PSA,Public Storage,US,Real Estate,Self-Storage REITs,Low,0.33,0.23107710828559705,0.021967136934967664,0.02366467922914953,0.13074030843651624,0.25616221961592495,325.6000061035156,2026-08-18,Down,0.5178074650030371,random_forest
VRSN,VRSN,Verisign,US,Information Technology,Internet Services & Infrastructure,Low,0.33,0.266512025911222,0.02271340952798527,0.026604793659199304,0.8050366920981632,0.3020902501106684,277.79998779296875,2026-08-18,Up,0.5079978682991105,random_forest
WTW,WTW,Willis Towers Watson,US,Financials,Insurance Brokers,Low,0.33,0.25596388477234583,0.02122160852183205,0.02601495406920347,0.3428861546631339,0.3038699566216204,332.43499755859375,2026-08-18,Down,0.5103122955737914,random_forest
PGR,PGR,Progressive Corporation,US,Financials,Property & Casualty Insurance,Low,0.33,0.24891441200033207,0.023834957722956872,0.025783461606187923,-0.1525340185325935,0.30351214849812325,206.5,2026-08-18,Up,0.5267452949063675,random_forest
PG,PG,Procter & Gamble,US,Consumer Staples,Personal Care Products,Low,0.33,0.19081951930836674,0.01917535241086854,0.01991846831075962,-0.4031002599647922,0.21153576296071377,143.07000732421875,2026-08-18,Up,0.5093413321991437,random_forest
RF,RF,Regions Financial Corporation,US,Financials,Regional Banks,Low,0.33,0.27489374868313865,0.024529053667194264,0.027412266330228464,0.8364178453683047,0.31900259203188874,31.760000228881836,2026-08-18,Down,0.5171544708705993,random_forest
RSG,RSG,Republic Services,US,Industrials,Environmental & Facilities Services,Low,0.33,0.1870078526956659,0.017662940603561973,0.019144829116543402,0.09898156734089882,0.22540242682674455,217.4750061035156,2026-08-18,Up,0.5040473524803137,random_forest
SRE,SRE,Sempra,US,Utilities,Multi-Utilities,Low,0.33,0.2579291112118684,0.020663862842857497,0.026330706633427438,0.23072746054565849,0.3162068247733616,86.56999969482422,2026-08-18,Up,0.5199568716752672,random_forest
SHW,SHW,Sherwin-Williams,US,Materials,Specialty Chemicals,Low,0.33,0.25857892875299215,0.023618918488109087,0.026675851843401408,-0.040597743849948006,0.2568814532672018,348.0,2026-08-18,Down,0.507972253157242,random_forest
SPG,SPG,Simon Property Group,US,Real Estate,Retail REITs,Low,0.33,0.2283703207947026,0.018598459523188015,0.022703651144692714,0.8832697095076214,0.24318763494613418,222.5749969482422,2026-08-18,Up,0.5069920459707549,random_forest
SNA,SNA,Snap-on,US,Industrials,Industrial Machinery & Supplies & Components,Low,0.33,0.23535179600171102,0.018717767833127428,0.023451660453907622,0.8307105866137546,0.2076621074199828,399.8599853515625,2026-08-18,Down,0.5095896993846756,random_forest
STE,STE,Steris,US,Health Care,Health Care Equipment,Low,0.33,0.24073433793677407,0.02149021225552715,0.024809925511550077,-0.025873798815754485,0.2536684980172456,231.67999267578125,2026-08-18,Up,0.5055759674888655,random_forest
SYK,SYK,Stryker Corporation,US,Health Care,Health Care Equipment,Low,0.33,0.24559867958902462,0.02304286595413523,0.025318486705683502,-0.03001698334456787,0.2944836672650551,336.2650146484375,2026-08-18,Down,0.5109882583050595,random_forest
SYY,SYY,Sysco,US,Consumer Staples,Food Distributors,Low,0.33,0.24159304371678214,0.020722656162264357,0.024672208534290044,0.21067593648372995,0.23979820109183955,82.16500091552734,2026-08-18,Up,0.5084608494813712,random_forest
TROW,TROW,T. Rowe Price,US,Financials,Asset Management & Custody Banks,Low,0.33,0.27049143760414973,0.02439205869131041,0.02765954939439152,0.1946859983343537,0.34047558346038875,110.5999984741211,2026-08-18,Up,0.5228582308170924,random_forest
PFG,PFG,Principal Financial Group,US,Financials,Life & Health Insurance,Low,0.33,0.2550932163234278,0.02375530238088993,0.025398792343633344,0.8636254455090551,0.22431986683260335,114.11000061035156,2026-08-18,Up,0.5096509643558031,random_forest
KOTAKBANK.NS,KOTAKBANK,Kotak Mahindra Bank Ltd.,India,Financial Services,Financial Services,Low,0.33,0.22140530850238044,0.020341717058464298,0.02266933085945048,0.12870594024244655,0.220276245493754,387.6499938964844,2026-08-18,Down,0.5243274383658169,random_forest
AME,AME,Ametek,US,Industrials,Electrical Components & Equipment,Low,0.33,0.22898802031053872,0.01859847690756188,0.022756458260368508,0.893208714252088,0.2304122411692343,250.5449981689453,2026-08-18,Up,0.5040343364875531,random_forest
3MINDIA.NS,3MINDIA,3M India Ltd.,India,Diversified,Diversified,Low,0.33,0.27667831053716757,0.022817062908309493,0.02848454237029351,0.022804827090664462,0.28159248771956497,34945.0,2026-08-18,Down,0.5335547438194599,random_forest
PLD,PLD,Prologis,US,Real Estate,Industrial REITs,Low,0.33,0.257761492378929,0.024663557479689572,0.026204050662581222,0.33772266290323455,0.3049238298181007,140.5399932861328,2026-08-18,Up,0.5088852391088021,random_forest
ICICIGI.NS,ICICIGI,ICICI Lombard General Insurance Company Ltd.,India,Financial Services,Financial Services,Low,0.33,0.24350918147275002,0.0218011914268463,0.025518271239347485,-0.4610800460065344,0.294470110396772,1623.800048828125,2026-08-18,Down,0.5314872276619529,random_forest
WMT,WMT,Walmart,US,Consumer Staples,Consumer Staples Merchandise Retail,Low,0.33,0.24013215900829035,0.023527814185931094,0.023848250991857074,0.9177847249295722,0.21928025389137948,114.79000091552734,2026-08-18,Down,0.5002355320705505,random_forest
V,V,Visa Inc.,US,Financials,Transaction & Payment Processing Services,Low,0.33,0.22254832145682055,0.018908983157644457,0.022313183789687076,0.6654317889084993,0.20377700579449726,362.7699890136719,2026-08-18,Down,0.515707205542271,random_forest
DRREDDY.NS,DRREDDY,Dr. Reddy's Laboratories Ltd.,India,Healthcare,Healthcare,Low,0.33,0.2224592975818764,0.020383524665295968,0.023246524883394286,-0.4020319800025995,0.22979979322121627,1178.800048828125,2026-08-18,Down,0.5330893159121308,random_forest
BOSCHLTD.NS,BOSCHLTD,Bosch Ltd.,India,Automobile and Auto Components,Automobile and Auto Components,Low,0.33,0.2682205215305154,0.024986990391401922,0.026740298622587814,0.8389203405622425,0.32511161195814525,48730.0,2026-08-18,Down,0.5086952360514934,random_forest
GWW,GWW,W. W. Grainger,US,Industrials,Industrial Machinery & Supplies & Components,Low,0.33,0.23890613813219258,0.019164981019207408,0.023969629098135086,0.6604661494130484,0.24503913220873366,1317.35498046875,2026-08-18,Down,0.5051387373924774,random_forest
DALBHARAT.NS,DALBHARAT,Dalmia Bharat Ltd.,India,Construction Materials,Construction Materials,Low,0.33,0.26110523515639134,0.024602954113458086,0.026824741958914704,0.06873461279600332,0.34850816134861384,1837.0999755859375,2026-08-18,Down,0.52403328861894,random_forest
WAB,WAB,Wabtec,US,Industrials,Construction Machinery & Heavy Transportation Equipment,Low,0.33,0.2713012048718248,0.021722260574270538,0.02670652324894298,1.1572654582668775,0.2355438520357595,299.05999755859375,2026-08-18,Down,0.5058623584810056,random_forest
DIS,DIS,Walt Disney Company (The),US,Communication Services,Movies & Entertainment,Low,0.33,0.27852947020451185,0.022266837422427917,0.028385782923254096,0.2855462992326536,0.30202284556693376,104.19000244140624,2026-08-18,Up,0.5118586456772585,random_forest
ABBOTINDIA.NS,ABBOTINDIA,Abbott India Ltd.,India,Healthcare,Healthcare,Low,0.33,0.22300999505319682,0.02031252053648248,0.023046776420726615,-0.11084590367486714,0.2845574697688197,26580.0,2026-08-18,Down,0.5210051944991825,random_forest
COALINDIA.NS,COALINDIA,Coal India Ltd.,India,Oil Gas & Consumable Fuels,Oil Gas & Consumable Fuels,Low,0.33,0.22308461195777063,0.02342850905270748,0.023251371466879105,-0.3331890773085282,0.308401410693144,406.8999938964844,2026-08-18,Down,0.529018881137963,random_forest
AXISBANK.NS,AXISBANK,Axis Bank Ltd.,India,Financial Services,Financial Services,Low,0.33,0.23209994292442612,0.021453966705256906,0.023789208006321852,0.11002727039730922,0.2576149251690807,1243.0,2026-08-18,Down,0.5282744321104553,random_forest
XYL,XYL,Xylem Inc.,US,Industrials,Industrial Machinery & Supplies & Components,Low,0.33,0.2528443630216012,0.02268674724783153,0.02634299224510575,-0.3019791862939878,0.30040990520601984,114.52999877929688,2026-08-18,Up,0.5390720066773845,random_forest
CIPLA.NS,CIPLA,Cipla Ltd.,India,Healthcare,Healthcare,Low,0.33,0.22200978320291576,0.021717754604946696,0.023059607249591444,-0.24354731597002147,0.283241119202201,1431.0999755859375,2026-08-18,Down,0.5194562708466788,random_forest
ROST,ROST,Ross Stores,US,Consumer Discretionary,Apparel Retail,Low,0.33,0.2599262052768561,0.02264671063333227,0.02580534794792674,0.9389138868290012,0.21083516082125017,237.22999572753903,2026-08-18,Up,0.5263328704508514,random_forest
ALKEM.NS,ALKEM,Alkem Laboratories Ltd.,India,Healthcare,Healthcare,Low,0.33,0.22709687378755145,0.021429123460490272,0.02348471101020731,-0.12490608744348514,0.2774771811798718,5475.0,2026-08-18,Down,0.5173504867203371,random_forest
AMCR,AMCR,Amcor,US,Materials,Paper & Plastic Packaging Products & Materials,Low,0.33,0.2847036081508452,0.02433822862453704,0.02946116736366391,-0.10624877803545228,0.3201584512798748,46.119998931884766,2026-08-18,Up,0.5050993527101675,random_forest
NESTLEIND.NS,NESTLEIND,Nestle India Ltd.,India,Fast Moving Consumer Goods,Fast Moving Consumer Goods,Low,0.33,0.1978506262819165,0.019462043209769606,0.020069505833355348,0.34677717400048536,0.21977869389359747,1462.5,2026-08-18,Down,0.5219521275377248,random_forest
AON,AON,Aon plc,US,Financials,Insurance Brokers,Low,0.33,0.2339514873682389,0.021994039516644595,0.0240278644333057,0.05873879445728563,0.24170902878075662,347.739990234375,2026-08-18,Up,0.5001139855784542,random_forest
TATASTEEL.NS,TATASTEEL,Tata Steel Ltd.,India,Metals & Mining,Metals & Mining,Low,0.33,0.2697747087867442,0.024031314063682283,0.027347728654976176,0.4171074557898327,0.27066152937005084,185.5,2026-08-18,Up,0.5063803343431691,random_forest
ZBH,ZBH,Zimmer Biomet,US,Health Care,Health Care Equipment,Low,0.33,0.29735451887729925,0.023363591548363056,0.03081366335021456,-0.13703309355109564,0.30321737622543166,100.04499816894533,2026-08-18,Up,0.5019060341370825,random_forest
LICI.NS,LICI,Life Insurance Corporation of India,India,Financial Services,Financial Services,Low,0.33,0.24871249901177592,0.023249129633953442,0.026113126445703717,-0.507878190552593,0.32761639240166496,410.0,2026-08-18,Down,0.5242494967763152,random_forest
JPM,JPM,JPMorgan Chase,US,Financials,Diversified Banks,Low,0.33,0.25065098557523996,0.023394509946900153,0.024725632857275037,1.0929501081026778,0.2442392661699617,361.7799987792969,2026-08-18,Down,0.5260939764619652,random_forest
MTB,MTB,M&T Bank,US,Financials,Regional Banks,Low,0.33,0.2586124799488818,0.023342193250299577,0.025676554507351568,0.9365413107976315,0.2851360673956413,253.98500061035156,2026-08-18,Down,0.5023475219078934,random_forest
LHX,LHX,L3Harris,US,Industrials,Aerospace & Defense,Low,0.33,0.2512110241136273,0.023484376079682373,0.025434003240003937,0.4381296061220713,0.2761769492389053,281.05499267578125,2026-08-18,Up,0.5128029619919069,random_forest
KR,KR,Kroger,US,Consumer Staples,Food Retail,Low,0.33,0.2721438997962552,0.02484208051138235,0.02780811179960128,0.21448582691503215,0.26160675689258284,57.11000061035156,2026-08-18,Up,0.5045024910393751,random_forest
KIM,KIM,Kimco Realty,US,Real Estate,Retail REITs,Low,0.33,0.20979331783364774,0.020536576168965825,0.02129061979745618,0.34666437512308507,0.2587611882052428,24.395000457763672,2026-08-18,Up,0.5034010490835071,random_forest
KMB,KMB,Kimberly-Clark,US,Consumer Staples,Household Products,Low,0.33,0.23449258434332998,0.022470353988800016,0.024565846609093455,-0.45929284414289673,0.34064854841292547,109.20999908447266,2026-08-18,Up,0.5090407121000482,random_forest
KEY,KEY,KeyCorp,US,Financials,Regional Banks,Low,0.33,0.29673816629520783,0.024966276993508937,0.02974815199350942,0.7133147838697915,0.32213845339903646,23.045000076293945,2026-08-18,Up,0.5125752975805155,random_forest
KDP,KDP,Keurig Dr Pepper,US,Consumer Staples,Soft Drinks & Non-alcoholic Beverages,Low,0.33,0.254634641392331,0.023660199307477404,0.02643640257974193,-0.20871766521152388,0.30991156017361793,30.6299991607666,2026-08-18,Up,0.5126688025422433,random_forest
INVH,INVH,Invitation Homes,US,Real Estate,Single-Family Residential REITs,Low,0.33,0.21213538335361048,0.02101921922610496,0.022084883425449363,-0.3124058069789879,0.3086650071458756,29.940000534057617,2026-08-18,Up,0.5035997991751563,random_forest
MA,MA,Mastercard,US,Financials,Transaction & Payment Processing Services,Low,0.33,0.22034012287577603,0.02064223964115099,0.02230881158525043,0.4154201005625405,0.20913850858238947,570.5599975585938,2026-08-18,Down,0.5077350011542195,random_forest
ICE,ICE,Intercontinental Exchange,US,Financials,Financial Exchanges & Data,Low,0.33,0.21807235670687172,0.020523996828984172,0.022461659503607418,-0.028422448354265356,0.339447460314102,156.58999633789062,2026-08-18,Up,0.5147685380529977,random_forest
ITW,ITW,Illinois Tool Works,US,Industrials,Industrial Machinery & Supplies & Components,Low,0.33,0.21664666586333864,0.019260317572035432,0.021917692302578097,0.43229387161567606,0.2062886704315439,287.5150146484375,2026-08-18,Up,0.5050716780358595,random_forest
IEX,IEX,IDEX Corporation,US,Industrials,Industrial Machinery & Supplies & Components,Low,0.33,0.26358527704976953,0.018797646200901623,0.026767812449898325,0.36819270881680133,0.3254609551210918,236.875,2026-08-18,Up,0.5007767154851301,random_forest
SBILIFE.NS,SBILIFE,SBI Life Insurance Company Ltd.,India,Financial Services,Financial Services,Low,0.33,0.21731572447048073,0.022435917512422198,0.022293595148323197,0.07545454875465477,0.2808441364637498,1778.0,2026-08-18,Down,0.5202420229022493,random_forest
MRF.NS,MRF,MRF Ltd.,India,Automobile and Auto Components,Automobile and Auto Components,Low,0.33,0.22723600550407885,0.0209011009350831,0.02345829092044223,-0.07954292902077223,0.2717463795652242,133505.0,2026-08-18,Down,0.5536546367251486,random_forest
HD,HD,Home Depot (The),US,Consumer Discretionary,Home Improvement Retail,Low,0.33,0.2385047979475533,0.02291650076219053,0.02462939459859016,-0.07945743555565173,0.2883929395490345,340.4100036621094,2026-08-18,Down,0.5153556391163345,random_forest
SBIN.NS,SBIN,State Bank of India,India,Financial Services,Financial Services,Low,0.33,0.22260550553839278,0.020889048736691382,0.022374977893713,0.6020145840970085,0.22110052288202223,1053.0,2026-08-18,Down,0.5295664852336999,random_forest
AIZ,AIZ,Assurant,US,Financials,Multi-line Insurance,Low,0.33,0.25067147044089444,0.02187889763986796,0.024970109188371392,0.8492225750739373,0.20829705493131206,284.0450134277344,2026-08-18,Up,0.5051367798947568,random_forest
NTPC.NS,NTPC,NTPC Ltd.,India,Power,Power,Low,0.33,0.2174371189846771,0.020917844330372224,0.0227148011987347,-0.3981689219509329,0.3230228980083806,337.1000061035156,2026-08-18,Down,0.5192214966018056,random_forest
TATACONSUM.NS,TATACONSUM,Tata Consumer Products Ltd.,India,Fast Moving Consumer Goods,Fast Moving Consumer Goods,Low,0.33,0.2342700093645822,0.021736821355261317,0.024341540567465556,-0.24325500628715435,0.27258227399013374,1061.5999755859375,2026-08-18,Down,0.5216431208534722,random_forest
PIDILITIND.NS,PIDILITIND,Pidilite Industries Ltd.,India,Chemicals,Chemicals,Low,0.33,0.19993658027134123,0.01926613219382532,0.02042699365149818,0.16500232185970998,0.23748510302194265,1674.0,2026-08-18,Down,0.529917328241666,random_forest
PIRAMALFIN.NS,PIRAMALFIN,Piramal Finance Ltd.,India,Financial Services,Financial Services,Low,0.33,0.3351435019505628,0.02332939139683415,0.03220440524800147,1.776859478420422,0.13371905334096473,2060.5,2026-08-18,Down,0.5229558680679707,random_forest
UNITDSPR.NS,UNITDSPR,United Spirits Ltd.,India,Fast Moving Consumer Goods,Fast Moving Consumer Goods,Low,0.33,0.2393544001577334,0.023716765037580856,0.02448341301089897,0.16720206203465338,0.26853987222620507,1520.9000244140625,2026-08-18,Down,0.5240183576831143,random_forest
POWERGRID.NS,POWERGRID,Power Grid Corporation of India Ltd.,India,Power,Power,Low,0.33,0.2205950167171493,0.021118597188150047,0.0231233746691865,-0.48541706882945057,0.2955904265049108,268.0,2026-08-18,Down,0.5035840410107393,random_forest
RAINBOW.NS,RAINBOW,Rainbow Childrens Medicare Ltd.,India,Healthcare,Healthcare,Low,0.33,0.28446422757276824,0.024824934657285653,0.0289202194805164,0.35090152730482205,0.3405879615693926,1458.699951171875,2026-08-18,Down,0.5195714935183098,random_forest
RELIANCE.NS,RELIANCE,Reliance Industries Ltd.,India,Oil Gas & Consumable Fuels,Oil Gas & Consumable Fuels,Low,0.33,0.20659311757191343,0.020714224044372342,0.021542239318340803,-0.35936072641030103,0.23868497779011213,1322.0,2026-08-18,Down,0.5360256738010771,random_forest
ULTRACEMCO.NS,ULTRACEMCO,UltraTech Cement Ltd.,India,Construction Materials,Construction Materials,Low,0.33,0.22493048775995492,0.0214662467507897,0.023121027897905766,0.029855147276095822,0.20609870331111882,11499.0,2026-08-18,Down,0.5225938556748883,random_forest
MFSL.NS,MFSL,Max Financial Services Ltd.,India,Financial Services,Financial Services,Low,0.33,0.2610036749018095,0.02345207167453602,0.025970209737879234,0.8836550774867858,0.23396493042712854,1584.5,2026-08-18,Down,0.5338550109079326,random_forest
MARUTI.NS,MARUTI,Maruti Suzuki India Ltd.,India,Automobile and Auto Components,Automobile and Auto Components,Low,0.33,0.2255202755978005,0.019644609769346816,0.022986447712924976,0.24844609724748762,0.2883414606766184,13691.0,2026-08-18,Down,0.5278099515180603,random_forest
TITAN.NS,TITAN,Titan Company Ltd.,India,Consumer Durables,Consumer Durables,Low,0.33,0.22604542264290028,0.019336103630091313,0.022553561527314053,0.7911206097507489,0.21888359847168262,5048.60009765625,2026-08-18,Down,0.521398614489401,random_forest
SHREECEM.NS,SHREECEM,Shree Cement Ltd.,India,Construction Materials,Construction Materials,Low,0.33,0.2158733885672279,0.021724860902497752,0.022267524711640865,-0.06806754510529071,0.2954274013740976,24725.0,2026-08-18,Down,0.521394992709012,random_forest
RAMCOCEM.NS,RAMCOCEM,The Ramco Cements Ltd.,India,Construction Materials,Construction Materials,Low,0.33,0.2523799723264997,0.02349110915087756,0.025789432839045577,0.20214526970782176,0.2937173781707791,909.7999877929688,2026-08-18,Down,0.5224617163166112,random_forest
HON,HON,Honeywell Technologies,US,Industrials,Industrial Conglomerates,Low,0.33,0.2586511951004869,0.024467665448465944,0.02628530644180847,0.347211556970996,0.22102262912420106,228.80999755859375,2026-08-18,Up,0.5114669393343042,random_forest
ONGC.NS,ONGC,Oil & Natural Gas Corporation Ltd.,India,Oil Gas & Consumable Fuels,Oil Gas & Consumable Fuels,Low,0.33,0.24741765367774005,0.024273997615528294,0.02598046331924731,-0.5120676066488393,0.30957385330369774,239.5,2026-08-18,Up,0.5001636246231717,random_forest
DOC,DOC,Healthpeak Properties,US,Real Estate,Health Care REITs,Low,0.33,0.2658305545476685,0.021690273152551606,0.027257005400790176,0.12188417293616378,0.25995388876866155,20.649999618530273,2026-08-18,Up,0.5057513999783242,random_forest
CPT,CPT,Camden Property Trust,US,Real Estate,Multi-Family Residential REITs,Low,0.33,0.2093615771717565,0.021573294629742185,0.02164695706332625,-0.13537539593069808,0.2032613701978704,108.56500244140624,2026-08-18,Up,0.5119986972887567,random_forest
MDLZ,MDLZ,Mondelez International,US,Consumer Staples,Packaged Foods & Meats,Low,0.33,0.22452981057915147,0.022705272359833956,0.023276844398919007,-0.19156745410865458,0.2880551071736927,62.9900016784668,2026-08-18,Up,0.5043912656229206,random_forest
LT.NS,LT,Larsen & Toubro Ltd.,India,Construction,Construction,Low,0.33,0.24587783924005394,0.021256498041836967,0.025050962415760904,0.27384816360009295,0.24347571061605808,4064.300048828125,2026-08-18,Down,0.5364251668632878,random_forest
GD,GD,General Dynamics,US,Industrials,Aerospace & Defense,Low,0.33,0.22363638042063422,0.020021428426738364,0.022418326227164692,0.6707558219262808,0.22547290288500177,394.489990234375,2026-08-18,Down,0.5070754308585125,random_forest
FITB,FITB,Fifth Third Bancorp,US,Financials,Regional Banks,Low,0.33,0.2715903750624375,0.024635672341408274,0.02717303778923423,0.7509708021283888,0.2994502432718495,57.72999954223633,2026-08-18,Down,0.5128467309598308,random_forest
FRT,FRT,Federal Realty Investment Trust,US,Real Estate,Retail REITs,Low,0.33,0.20435576284037274,0.018307957931080553,0.020830757397571883,0.22818970263557647,0.27381154088329596,118.19000244140624,2026-08-18,Up,0.5089232435419456,random_forest
CAH,CAH,Cardinal Health,US,Health Care,Health Care Distributors,Low,0.33,0.2649496347152251,0.022899122543201145,0.025747203248334037,1.4714825681247883,0.20418308733997761,233.94000244140625,2026-08-18,Up,0.5071293727873281,random_forest
BLK,BLK,BlackRock,US,Financials,Asset Management & Custody Banks,Low,0.33,0.2684298224824926,0.02499753460904068,0.027029193747407868,0.5874130755282665,0.23740326625367053,1148.81494140625,2026-08-18,Down,0.5468615802783594,random_forest
MSI,MSI,Motorola Solutions,US,Information Technology,Communications Equipment,Low,0.33,0.24153997459814552,0.019925720317222468,0.02465391951055124,0.22406632365614307,0.2700837564129056,470.2200012207031,2026-08-18,Down,0.5199898305101069,random_forest
BDX,BDX,Becton Dickinson,US,Health Care,Health Care Equipment,Low,0.33,0.27736067894816385,0.02136847380623689,0.028498137752616195,0.07463585454251181,0.3339422713231032,185.17999267578125,2026-08-18,Down,0.5048757405689118,random_forest
BAC,BAC,Bank of America,US,Financials,Diversified Banks,Low,0.33,0.2491868298821712,0.023005155105741915,0.02463999897556994,1.0325499012069654,0.2750936830724511,64.1624984741211,2026-08-18,Down,0.5086921971746332,random_forest
AVY,AVY,Avery Dennison,US,Materials,Paper & Plastic Packaging Products & Materials,Low,0.33,0.24022385096462318,0.021300010005274074,0.025065729952491123,-0.34976077268609185,0.2860369103127417,177.32000732421875,2026-08-18,Down,0.5011348541046647,random_forest
AVB,AVB,AvalonBay Communities,US,Real Estate,Multi-Family Residential REITs,Low,0.33,0.21429186482185741,0.022598333846701856,0.022291815611636557,-0.28984220868628857,0.29395072832685326,184.05999755859375,2026-08-14,Up,0.5079820624927638,random_forest
T,T,AT&T,US,Communication Services,Integrated Telecommunication Services,Low,0.33,0.23879313504830257,0.023332511227901063,0.02393942589272311,0.6802958301214991,0.2888541354780309,25.084999084472656,2026-08-18,Up,0.5025790156657817,random_forest
FAST,FAST,Fastenal,US,Industrials,Trading Companies & Distributors,Low,0.33,0.25422919049741327,0.020233617253757913,0.02525367550100056,0.92166304419849,0.21902124931663156,51.5099983215332,2026-08-18,Down,0.5012331512012029,random_forest
MCO,MCO,Moody's Corporation,US,Financials,Financial Exchanges & Data,Low,0.33,0.270043208974873,0.02480639556342638,0.02774385313842998,0.072997747320874,0.24651961108236162,484.3299865722656,2026-08-18,Down,0.5126550156624197,random_forest
AZO,AZO,AutoZone,US,Consumer Discretionary,Automotive Retail,Low,0.33,0.25578375030232664,0.024606691369448506,0.02643839472920003,-0.09243788481234393,0.32863173290986486,3069.860107421875,2026-08-18,Down,0.5267136144009346,random_forest
NDAQ,NDAQ,"Nasdaq, Inc.",US,Financials,Financial Exchanges & Data,Low,0.33,0.2530903520657154,0.023833771598550355,0.025384362992777538,0.6781922526969243,0.2338098909119122,97.31999969482422,2026-08-18,Up,0.510002284176581,random_forest
PCAR,PCAR,Paccar,US,Industrials,Construction Machinery & Heavy Transportation Equipment,Low,0.33,0.28246320795510893,0.023342329371328647,0.0283862355828777,0.6448052766903652,0.24704437513070068,129.07000732421875,2026-08-18,Up,0.5093390785213606,random_forest
NWSA,NWSA,News Corp (Class A),US,Communication Services,Publishing,Low,0.33,0.24407982003482045,0.02289215530382803,0.025058322346755795,0.07591769705295671,0.2781179874890091,29.010000228881836,2026-08-18,Up,0.5037012851715786,random_forest
MCD,MCD,McDonald's,US,Consumer Discretionary,Restaurants,Low,0.33,0.1834335223127482,0.01798184561317289,0.018987776162826552,-0.19212698910706655,0.21990165145938867,267.82391357421875,2026-08-18,Up,0.5055339145289727,random_forest
PNC,PNC,PNC Financial Services,US,Financials,Diversified Banks,Low,0.33,0.24057625045557673,0.021879070981075485,0.023915381824065433,0.8939720215840178,0.2977003126733496,255.08999633789065,2026-08-18,Down,0.513842495835038,random_forest
NSC,NSC,Norfolk Southern,US,Industrials,Rail Transportation,Low,0.33,0.2401613819365303,0.021224768687756256,0.02398822592456997,0.7739753573461328,0.2510697662651311,342.7099914550781,2026-08-18,Down,0.5007525172009952,random_forest
PEP,PEP,PepsiCo,US,Consumer Staples,Soft Drinks & Non-alcoholic Beverages,Low,0.33,0.21382711904714463,0.022471620647598587,0.02235397539483761,-0.42048072521615526,0.2665745674229098,139.6999969482422,2026-08-18,Up,0.5009104271386744,random_forest
PH,PH,Parker Hannifin,US,Industrials,Industrial Machinery & Supplies & Components,Low,0.33,0.2898165903075958,0.02439602879186511,0.028679093294992852,1.0363090951316776,0.26787848143389636,1039.2099609375,2026-08-18,Down,0.5052721902678723,random_forest
PKG,PKG,Packaging Corporation of America,US,Materials,Paper & Plastic Packaging Products & Materials,Low,0.33,0.2712976918973719,0.02402840681186188,0.027368165931181045,0.542362996551038,0.28430093552864655,252.72999572753903,2026-08-18,Up,0.5038686896758665,random_forest
MRSH,MRSH,Marsh McLennan,US,Financials,Insurance Brokers,Low,0.33,0.2238304020028125,0.019810838644285667,0.023368030520493188,-0.3764186301269504,0.34362032987474833,187.7599945068359,2026-08-18,Up,0.5070543134891057,random_forest
OTIS,OTIS,Otis Worldwide,US,Industrials,Industrial Machinery & Supplies & Components,Low,0.33,0.2293324210584999,0.02084481155792948,0.024112812616094815,-0.5593385820911722,0.3244444793422854,71.0,2026-08-18,Up,0.5171598690569595,random_forest
NEE,NEE,NextEra Energy,US,Utilities,Multi-Utilities,Low,0.33,0.2532111044125144,0.024246369224420184,0.025822653412143213,0.2541267856418809,0.2383068470847544,86.4000015258789,2026-08-18,Up,0.5200786696940657,random_forest
NWS,NWS,News Corp (Class B),US,Communication Services,Publishing,Low,0.33,0.25093674696478147,0.024950887461839537,0.02557624388878439,0.2672252167213935,0.2684307795662231,33.11000061035156,2026-08-18,Up,0.5031148586206264,random_forest
MDT,MDT,Medtronic,US,Health Care,Health Care Equipment,Low,0.33,0.2232669476726011,0.021153238005389704,0.022729566488945318,0.27736532886277543,0.2890474188893668,92.61000061035156,2026-08-18,Down,0.5023903209595065,random_forest
GILD,GILD,Gilead Sciences,US,Health Care,Biotechnology,Low,0.33,0.2683370190456246,0.024685199451388348,0.026257904293384548,1.3029171981623864,0.2158543150489364,141.61000061035156,2026-08-18,Down,0.5008677032514153,random_forest
NTRS,NTRS,Northern Trust,US,Financials,Asset Management & Custody Banks,Low,0.33,0.2717866385648193,0.024393752855609928,0.026333667017812038,1.5475468632507767,0.25213664567401,191.3800048828125,2026-08-18,Down,0.5041656448182634,random_forest
ORLY,ORLY,O'Reilly Automotive,US,Consumer Discretionary,Automotive Retail,Low,0.33,0.23083500598016218,0.020397428663175052,0.02341475346610545,0.37633283773777254,0.23270261926271404,91.1999969482422,2026-08-18,Up,0.5035057488927406,random_forest
HIG,HIG,Hartford (The),US,Financials,Property & Casualty Insurance,Low,0.0,0.20962192152891543,0.020242619940793644,0.02112609250864077,0.5233869389694741,0.13722145019564536,138.375,2026-08-18,Up,0.5186642097270074,random_forest
SUNPHARMA.NS,SUNPHARMA,Sun Pharmaceutical Industries Ltd.,India,Healthcare,Healthcare,Low,0.0,0.19767085791663883,0.02083997951393842,0.02022675768615205,0.12287415123568492,0.19128606870086542,1875.0999755859375,2026-08-18,Down,0.5144767665425316,random_forest
VICI,VICI,Vici Properties,US,Real Estate,Hotel & Resort REITs,Low,0.0,0.1844291403773612,0.01858375213637322,0.019221845630398235,-0.3699589553268484,0.18630388321952882,26.11000061035156,2026-08-18,Up,0.5040286954475328,random_forest
PEG,PEG,Public Service Enterprise Group,US,Utilities,Electric Utilities,Low,0.0,0.20723288727391237,0.0219903384621486,0.021379431326795442,-0.07966234384361127,0.17168908175405687,76.25,2026-08-18,Up,0.5227824822932451,random_forest
DGX,DGX,Quest Diagnostics,US,Health Care,Health Care Services,Low,0.0,0.23139431243315434,0.018684331968006593,0.022882928860616245,1.0177206907704135,0.11554916454560848,238.52000427246097,2026-08-18,Up,0.5027483686413341,random_forest
RTX,RTX,RTX Corporation,US,Industrials,Aerospace & Defense,Low,0.0,0.25770046320832424,0.022022917723224678,0.025224847368771494,1.2891617503172672,0.19315615064740682,223.58999633789065,2026-08-18,Up,0.501413333911136,random_forest
O,O,Realty Income,US,Real Estate,Retail REITs,Low,0.0,0.17420929259762116,0.016907213090212415,0.017719310439669858,0.2500138675870802,0.19287017196230616,62.494998931884766,2026-08-18,Down,0.5017860024138303,random_forest
NI,NI,NiSource,US,Utilities,Multi-Utilities,Low,0.0,0.18890730404011916,0.019928804240435413,0.01883416559609988,0.7749545295721636,0.14303259024686887,42.439998626708984,2026-08-18,Up,0.5276488947528238,random_forest
REG,REG,Regency Centers,US,Real Estate,Retail REITs,Low,0.0,0.1785492253351418,0.01780883049302244,0.018118850632974366,0.31471233477988214,0.1495713863434821,76.45999908447266,2026-08-18,Up,0.5080386088434196,random_forest
SO,SO,Southern Company,US,Utilities,Electric Utilities,Low,0.0,0.17599051032951818,0.01762438009833794,0.017915896775952525,0.23026689996104902,0.14990265722500104,92.62999725341795,2026-08-18,Up,0.520455607855432,random_forest
GL,GL,Globe Life,US,Financials,Life & Health Insurance,Low,0.0,0.2391476020369488,0.021677154253730898,0.023413960318534363,1.271695260186842,0.14704109136507576,180.19500732421875,2026-08-18,Up,0.5196544644202716,random_forest
DE,DE,Deere & Company,US,Industrials,Agricultural & Farm Machinery,Low,0.0,0.2964025437261092,0.023640301068069344,0.0295506098371405,0.852505579461274,0.19898026819513417,594.8624877929688,2026-08-18,Down,0.5067866023781491,random_forest
LIN,LIN,Linde plc,US,Materials,Industrial Gases,Low,0.0,0.18748134108830483,0.01724711096334479,0.019209565492083525,0.07766177462202929,0.19184834622365016,480.8550109863281,2026-08-18,Down,0.523287649087407,random_forest
TDY,TDY,Teledyne Technologies,US,Information Technology,Electronic Equipment & Instruments,Low,0.0,0.24609722171327447,0.020727812729859674,0.02444436931518414,0.9180233865791134,0.18387182843282915,669.0,2026-08-18,Down,0.5239190412159506,random_forest
TJX,TJX,TJX Companies,US,Consumer Discretionary,Apparel Retail,Low,0.0,0.19244125684867278,0.017188043316640717,0.019215066851804505,0.741438469430834,0.11044755794108661,151.9199981689453,2026-08-18,Up,0.5084360566702592,random_forest
L,L,Loews Corporation,US,Financials,Multi-line Insurance,Low,0.0,0.1867090697317005,0.01744156449788807,0.01855032130029957,0.8597584791097141,0.12162020996701331,113.41000366210938,2026-08-18,Up,0.505105115690361,random_forest
WRB,WRB,W. R. Berkley Corporation,US,Financials,Property & Casualty Insurance,Low,0.0,0.22432762843600473,0.023137976494425627,0.022613361742215437,0.5300541859186162,0.17618187402080454,71.01000213623047,2026-08-18,Up,0.5151480849308868,random_forest
YUM,YUM,Yum! Brands,US,Consumer Discretionary,Restaurants,Low,0.0,0.2297798257895813,0.02067274043905933,0.023489132632265895,0.17658285576957933,0.1445349971421956,146.4600067138672,2026-08-18,Up,0.5065115480222805,random_forest
D,D,Dominion Energy,US,Utilities,Multi-Utilities,Low,0.0,0.2178717626709201,0.020931927664592606,0.021890257228471394,0.6084196594768849,0.1658782001959762,69.05999755859375,2026-08-18,Up,0.5234082017284722,random_forest
TRV,TRV,Travelers Companies (The),US,Financials,Property & Casualty Insurance,Low,0.0,0.2295777681703373,0.02071346173025247,0.022572455449844094,1.1599635912792514,0.1247177553679746,368.989990234375,2026-08-18,Down,0.5052191150147392,random_forest
FE,FE,FirstEnergy,US,Utilities,Electric Utilities,Low,0.0,0.1830011450512978,0.016775529414458354,0.018508323921568284,0.4059511605411881,0.14714021289425425,47.93000030517578,2026-08-18,Up,0.5240228009716001,random_forest
WM,WM,Waste Management,US,Industrials,Environmental & Facilities Services,Low,0.0,0.19307698715172092,0.017553310518029483,0.01968254371095524,0.21483083368508601,0.18135427203150434,227.06500244140625,2026-08-18,Up,0.5060406909965844,random_forest
WEC,WEC,WEC Energy Group,US,Utilities,Electric Utilities,Low,0.0,0.163938999374466,0.015381956171437072,0.016377459656648587,0.6925199412463167,0.11222418446354786,111.16999816894533,2026-08-18,Up,0.5190830392021543,random_forest
TATACAP.NS,TATACAP,Tata Capital Ltd.,India,Financial Services,Financial Services,Low,0.0,0.27445639559610807,0.02290332957346599,0.027838284117792825,0.40498135248831674,0.1763241301916319,363.1499938964844,2026-08-18,Down,0.5164528994902885,random_forest
EXC,EXC,Exelon,US,Utilities,Electric Utilities,Low,0.0,0.19093904143645257,0.019392544721876435,0.019177611612037574,0.5912743699808712,0.1374030207504412,46.08000183105469,2026-08-18,Up,0.5231857895772564,random_forest
ES,ES,Eversource Energy,US,Utilities,Electric Utilities,Low,0.0,0.24259493584360511,0.0236036939795,0.024638811248766643,0.35233466027977145,0.18316804166469022,72.56999969482422,2026-08-18,Up,0.519996372843799,random_forest
EVRG,EVRG,Evergy,US,Utilities,Electric Utilities,Low,0.0,0.16232362051150623,0.015763440668457418,0.015903913833234355,1.174721368092767,0.08012640281177413,83.91999816894531,2026-08-18,Up,0.5217803567349871,random_forest
PNW,PNW,Pinnacle West Capital,US,Utilities,Multi-Utilities,Low,0.0,0.17194186747882337,0.016824212465703845,0.017300094515873016,0.5233854179732422,0.1349978275685439,101.08999633789062,2026-08-18,Up,0.521943525174631,random_forest
WMB,WMB,Williams Companies,US,Energy,Oil & Gas Storage & Transportation,Low,0.0,0.2512847978937299,0.02380663150839381,0.02474111768931343,1.1405245093949306,0.12360428964224132,75.40499877929688,2026-08-18,Up,0.5117186586783634,random_forest
XEL,XEL,Xcel Energy,US,Utilities,Multi-Utilities,Low,0.0,0.19719172737275,0.017708558122312517,0.01965113232596982,0.7953454145443706,0.12376539773357381,80.18000030517578,2026-08-18,Up,0.5233443548608316,random_forest
ETR,ETR,Entergy,US,Utilities,Electric Utilities,Low,0.0,0.23743915670462662,0.018716696300504116,0.023152991835461927,1.36993958789824,0.10557259026636495,109.4000015258789,2026-08-18,Up,0.5223237534120367,random_forest
EW,EW,Edwards Lifesciences,US,Health Care,Health Care Equipment,Low,0.0,0.2512602982689256,0.022472437779549416,0.025335345514985924,0.542112478878926,0.13185546345365326,90.94499969482422,2026-08-18,Down,0.500572128845711,random_forest
DUK,DUK,Duke Energy,US,Utilities,Electric Utilities,Low,0.0,0.16939005191399598,0.017332610239356946,0.017146061831448,0.3670642319635473,0.11586572500467936,124.95500183105467,2026-08-18,Up,0.5201238356652184,random_forest
DTE,DTE,DTE Energy,US,Utilities,Multi-Utilities,Low,0.0,0.17469159706848947,0.017537067746598543,0.017628433163194793,0.4525082069749893,0.11429123054832836,141.6999969482422,2026-08-18,Up,0.5204016226204264,random_forest
KMI,KMI,Kinder Morgan,US,Energy,Oil & Gas Storage & Transportation,Low,0.0,0.23178316193777954,0.021067140399658953,0.02287968318305896,1.063347447797278,0.1839524182709798,32.849998474121094,2026-08-18,Up,0.506768527751534,random_forest
AEE,AEE,Ameren,US,Utilities,Multi-Utilities,Low,0.0,0.17634706120721882,0.01701243527431599,0.017513210965646772,0.8580330094150599,0.09567274952688662,110.26000213623048,2026-08-18,Up,0.5234397872963256,random_forest
JNJ,JNJ,Johnson & Johnson,US,Health Care,Pharmaceuticals,Low,0.0,0.18915653686661174,0.01710340189951477,0.018371078962444123,1.4252755188342294,0.14446253951573834,268.6600036621094,2026-08-18,Up,0.5015549510117822,random_forest
CSCO,CSCO,Cisco,US,Information Technology,Communications Equipment,Low,0.0,0.2869580040039066,0.02356377426261833,0.02786258271971939,1.5035614588482902,0.17457808500880043,111.66000366210938,2026-08-18,Up,0.5154712262296566,random_forest
JSWSTEEL.NS,JSWSTEEL,JSW Steel Ltd.,India,Metals & Mining,Metals & Mining,Low,0.0,0.23954999505041089,0.020775398786555266,0.024043192109100914,0.6514858914069241,0.14950434559473197,1267.5999755859375,2026-08-18,Down,0.5209143888248506,random_forest
AFL,AFL,Aflac,US,Financials,Life & Health Insurance,Low,0.0,0.1955397735149806,0.01967692425576524,0.019796318355845412,0.394365241138751,0.13559219149054658,122.5199966430664,2026-08-18,Up,0.5186573933362671,random_forest
BRK-B,BRK.B,Berkshire Hathaway,US,Financials,Multi-Sector Holdings,Low,0.0,0.17263466283926615,0.0154103128714543,0.017604888796381172,0.1811539709194168,0.14948129726959822,501.7550048828125,2026-08-18,Down,0.5070293145355369,random_forest
BNY,BNY,BNY Mellon,US,Financials,Asset Management & Custody Banks,Low,0.0,0.2246570661045061,0.020986153361246,0.021261330016169668,2.0841535420430706,0.1758289135614978,164.1649932861328,2026-08-18,Down,0.5011305918431852,random_forest
PPL,PPL,PPL Corporation,US,Utilities,Electric Utilities,Low,0.0,0.17910059609791568,0.0195649717195654,0.018071618812499003,0.4605849420143882,0.13288120904593734,36.369998931884766,2026-08-18,Up,0.5256735136206393,random_forest
KO,KO,Coca-Cola Company (The),US,Consumer Staples,Soft Drinks & Non-alcoholic Beverages,Low,0.0,0.17857939095099853,0.015632784279971734,0.017833055896351716,0.722365432042247,0.1550297779417607,88.25499725341797,2026-08-18,Down,0.5080283709145852,random_forest
CMS,CMS,CMS Energy,US,Utilities,Multi-Utilities,Low,0.0,0.1705094606923304,0.01836735144423753,0.01733673208008965,0.2542807877249253,0.12236642017749237,71.7300033569336,2026-08-18,Up,0.5253703032937878,random_forest
ALL,ALL,Allstate,US,Financials,Property & Casualty Insurance,Low,0.0,0.25359440684519297,0.02384449982339016,0.025314039567963843,0.7986253238920401,0.14106959032458488,263.3699951171875,2026-08-18,Up,0.5176807769419469,random_forest
APOLLOHOSP.NS,APOLLOHOSP,Apollo Hospitals Enterprise Ltd.,India,Healthcare,Healthcare,Low,0.0,0.2054593755233296,0.01733607334855188,0.02065240812540052,0.585967881472556,0.18497184447482015,8817.0,2026-08-18,Down,0.5236407571599415,random_forest
BHARTIARTL.NS,BHARTIARTL,Bharti Airtel Ltd.,India,Telecommunication,Telecommunication,Low,0.0,0.20669409995453855,0.01916447030946478,0.020739985821284144,0.6316735886476533,0.18768199925037027,1934.199951171875,2026-08-18,Down,0.5233535412209768,random_forest
CB,CB,Chubb Limited,US,Financials,Property & Casualty Insurance,Low,0.0,0.198673566157143,0.01876429137060877,0.019996870341315143,0.5456297445557409,0.14351439785332992,346.8599853515625,2026-08-18,Down,0.5077195023017339,random_forest
SCHW,SCHW,Charles Schwab Corporation,US,Financials,Investment Banking & Brokerage,Low,0.0,0.25678789204143454,0.02381608204446795,0.025358957970815735,1.0693391338435903,0.19834419111809312,111.61499786376952,2026-08-18,Down,0.5071848537589518,random_forest
TORNTPHARM.NS,TORNTPHARM,Torrent Pharmaceuticals Ltd.,India,Healthcare,Healthcare,Low,0.0,0.2226176941959596,0.02088441262050216,0.02214040490010189,0.8689444785981552,0.16981830277966853,4971.0,2026-08-18,Down,0.5220129187313169,random_forest
CNP,CNP,CenterPoint Energy,US,Utilities,Multi-Utilities,Low,0.0,0.17558716211280834,0.017936475832069577,0.01714521038436548,1.276891968558324,0.11123450342789164,40.880001068115234,2026-08-18,Up,0.5253028004745556,random_forest
LNT,LNT,Alliant Energy,US,Utilities,Electric Utilities,Low,0.0,0.17807728509014,0.01860765784012683,0.017845560033160915,0.6330842746337231,0.11920175851856318,70.97000122070312,2026-08-18,Up,0.5261715270434886,random_forest
MO,MO,Altria,US,Consumer Staples,Tobacco,Low,0.0,0.22629643048190518,0.019808019353129036,0.022596975836678763,0.7708602060105209,0.16396941288651684,64.86499786376953,2026-08-18,Up,0.50778212885464,random_forest
UNP,UNP,Union Pacific Corporation,US,Industrials,Rail Transportation,Low,0.0,0.23140145017649236,0.020632708082084936,0.023371501975291913,0.486430529489708,0.1775413840564435,301.8800048828125,2026-08-18,Down,0.5010384134707383,random_forest
DIVISLAB.NS,DIVISLAB,Divi's Laboratories Ltd.,India,Healthcare,Healthcare,Low,0.0,0.2561577496563099,0.02411563545788085,0.02517157314191747,1.1920799551740757,0.18158419793905173,8588.0,2026-08-18,Down,0.5242335453004474,random_forest
VTR,VTR,Ventas,US,Real Estate,Health Care REITs,Low,0.0,0.22365510578340866,0.02040488753848397,0.02205729562936044,1.079671561435879,0.13746984643876525,91.875,2026-08-18,Up,0.507925119286163,random_forest
VZ,VZ,Verizon,US,Communication Services,Integrated Telecommunication Services,Low,0.0,0.23375721566393792,0.020483128824166832,0.023492867940396307,0.6138354646355091,0.1704638719015397,48.70000076293945,2026-08-18,Up,0.5030768451600205,random_forest
LH,LH,Labcorp,US,Health Care,Health Care Services,Low,0.0,0.2319494754371428,0.021007032435670033,0.023134995263387498,0.8039252561267813,0.17363038345330972,328.3500061035156,2026-08-18,Down,0.5150571009283172,random_forest
ED,ED,Consolidated Edison,US,Utilities,Multi-Utilities,Low,0.0,0.184774482456023,0.018895347850808784,0.018786577468948327,0.27316366655256186,0.17356461581956356,109.50499725341795,2026-08-18,Up,0.5202252265311652,random_forest
WELL,WELL,Welltower,US,Real Estate,Health Care REITs,Low,0.0,0.2244523049234183,0.02083554829083444,0.021644090257795318,1.6324968040903802,0.12986100375947637,237.69000244140625,2026-08-18,Up,0.50731777561273,random_forest
GRASIM.NS,GRASIM,Grasim Industries Ltd.,India,Construction Materials,Construction Materials,Low,0.0,0.22637235314798726,0.02162436062321108,0.022874879334024437,0.46999408410654003,0.18313909104789047,3278.699951171875,2026-08-18,Down,0.5304597030692755,random_forest
EICHERMOT.NS,EICHERMOT,Eicher Motors Ltd.,India,Automobile and Auto Components,Automobile and Auto Components,Low,0.0,0.25754454897521273,0.02336597026920151,0.02548520422212246,1.0193830153281596,0.1958485704271519,8018.5,2026-08-18,Down,0.5260603806187465,random_forest
ICICIBANK.NS,ICICIBANK,ICICI Bank Ltd.,India,Financial Services,Financial Services,Low,0.0,0.18591967880374718,0.018255049800285045,0.01879700281028604,0.4181858982653885,0.18365924668279046,1412.0,2026-08-18,Down,0.5208426942531131,random_forest
MARICO.NS,MARICO,Marico Ltd.,India,Fast Moving Consumer Goods,Fast Moving Consumer Goods,Low,0.0,0.20168529367043578,0.01939360663647863,0.020318276544462527,0.5258082405775648,0.1666063001563383,841.5499877929688,2026-08-18,Down,0.5191448550079125,random_forest
FEDERALBNK.NS,FEDERALBNK,Federal Bank Ltd.,India,Financial Services,Financial Services,Low,0.0,0.25446668711381654,0.022498343275247707,0.025069469282755445,1.1275933658636592,0.18069999314330826,357.79998779296875,2026-08-18,Down,0.5190795429692061,random_forest
ATO,ATO,Atmos Energy,US,Utilities,Gas Utilities,Low,0.0,0.1643818443354675,0.016239607678047725,0.016325577070227082,0.8405348560599603,0.12582367438818345,171.30999755859375,2026-08-18,Up,0.5203638317762731,random_forest
AWK,AWK,American Water Works,US,Utilities,Water Utilities,Low,0.0,0.22929649631039756,0.022407396391183488,0.023621812357601777,-0.023901132185107712,0.18811987245997844,136.83999633789062,2026-08-18,Up,0.501023609088306,random_forest
AIG,AIG,American International Group,US,Financials,Multi-line Insurance,Low,0.0,0.23797871918954552,0.02256920159559832,0.024392275418357375,0.11373489285482002,0.16976556869500484,76.8499984741211,2026-08-18,Up,0.5194624014456068,random_forest
AEP,AEP,American Electric Power,US,Utilities,Electric Utilities,Low,0.0,0.19054371005408396,0.018122033545774217,0.01899924576808116,0.7742210998895019,0.1310103718982448,127.61150360107422,2026-08-18,Up,0.5231867550251903,random_forest
MMM,MMM,3M,US,Industrials,Industrial Conglomerates,Low,0.0,0.2770420344094003,0.024693175935064357,0.02776817339565429,0.7086717546311961,0.18771211987390665,180.9250030517578,2026-08-18,Up,0.5040650036742195,random_forest
